,EDA,EDA,EDA,EDA,EDA,EDA,EDA,EDA,EDA,EDA,EDA,EDA,EDA,EMG,EMG,EMG,EMG,EMG,EMG,EMG,EMG,EMG,EMG,EMG,EMG,EMG,EMG,EMG,EMG,EMG,EMG,EMG,EMG,EMG,EMG,EMG,EMG,EMG,EMG,EMG,EMG,EMG,EMG,TEMP,TEMP,TEMP,TEMP,TEMP,TEMP,ECG,ECG,ECG,ECG,ECG,ECG,ECG,ECG,ECG,ECG,ECG,ECG,ECG,ECG,ECG,ECG,ECG,ECG,ECG,ECG,ECG,ECG,Out
,EDA_mean,EDA_std,Phasic_mean,Phasic_std,No.Peaks,Area,Dynamic_Range,Orienting_mag_mean,Orienting_mag_std,orient_time_mean,orient_time_std,recov_time_mean,recov_time_std,MNF,MDF,PeakFrequency,MNP,TTP,SM1,SM2,SM3,FR,PSR,VCF,IEMG,MAV,MAV1,MAV2,SSI,VAR,TM3,TM4,TM5,LOG,RMS,WL,AAC,DASDV,AFB,ZC,MYOP,WAMP,SSC,mean,std,minimum,maximum,slope,Dynamic Range,HRV_MeanNN,HRV_SDNN,HRV_RMSSD,HRV_SDSD,HRV_CVNN,HRV_CVSD,HRV_MedianNN,HRV_MadNN,HRV_MCVNN,HRV_IQRNN,HRV_Prc20NN,HRV_Prc80NN,HRV_pNN50,HRV_pNN20,HRV_MinNN,HRV_MaxNN,HRV_HTI,HRV_TINN,HRV_HF,HRV_VHF,HRV_HFn,HRV_LnHF,Out
0,447.89436407460505,17.357183345851556,6.021817509521439,23.476127082352544,8.0,13651.365297221068,178.06752691076554,12.880800155832576,21.318609887593322,1.5682142857142858,1.4300441961915809,0.6651785714285714,0.8779062340975526,72.06731834649082,51.953125,38.28125,0.00835847262574504,1.0782429687211106,77.70607928168963,1.7385477399081561,0.08350022868944845,18.437970029525093,0.6022560715891052,-5192.085984062921,11373.44798295516,0.5415927610931028,0.4045530084257072,0.2923735424568022,185351.92327545636,8.826702379896965,523.0402792531936,335001.71531939355,56328999.67799119,1.7187422289650562,2.970905932663641,9443.051945276997,0.44966914025128557,6.604845921616328,-0.1845249795248818,6866,0.9726190476190476,9848,4801,34.74734,0.13394014519641131,33.28,35.07,1.3917297964829448e-05,1.0537860576923077,649.6938775510205,41.00456983924204,24.469248313543023,25.40256726911383,0.06311367746577225,0.037662734957235995,643.5714285714286,45.53699999999993,0.07075671476137614,62.85714285714266,613.1428571428572,682.8571428571428,7.142857142857142,35.714285714285715,600.0,734.2857142857143,7.0,23.4375,0.023580384731109294,0.0005029575151811726,0.9791159586556702,-3.747340068013256,0.0
1,443.1212354176684,11.129561198165923,0.0517378704881606,8.728409674418256,11.0,16246.844794780218,34.468992171146006,3.18461141990557,5.672108348396717,1.8642857142857139,2.4500163189036614,0.6411688311688312,0.777340697263559,67.11596741925894,57.421875,46.484375,0.015070952483286385,1.9441528703439441,130.4837007040629,7.036241078141335,0.5944707928280691,39.93750308326002,0.6026238432423654,-4500.933901649415,13679.714716302527,0.6514149864905966,0.49251563578749535,0.3804486821171821,213438.5899107799,10.164226387484161,596.0502453342148,403816.59208069096,70677221.32334821,1.9182532119491846,3.188062480050196,10481.135593026338,0.49910169490601614,7.378678340989009,0.25925108157426424,6644,0.9754761904761905,9993,4571,35.006855238095234,0.10092116676463204,34.75,35.3,7.356394185782381e-06,1.0158273381294962,649.6938775510205,41.00456983924204,24.469248313543023,25.40256726911383,0.06311367746577225,0.037662734957235995,643.5714285714286,45.53699999999993,0.07075671476137614,62.85714285714266,613.1428571428572,682.8571428571428,7.142857142857142,35.714285714285715,600.0,734.2857142857143,7.0,23.4375,0.006028528193924697,0.00020497568627337562,0.967117099754358,-5.111252378645066,0.0
2,461.73505866169273,15.75198686493787,-0.34742542053445885,9.943716049633485,8.0,11566.257692423815,60.073847218763106,3.8628079457233944,9.536732805955305,1.0910714285714285,1.5561272490725564,0.592857142857143,0.9017471703219664,76.1726682769839,49.21875,35.546875,0.005807302912887417,0.749142075762477,57.0641508293863,0.7774710566070082,0.026722323819525457,14.529302036528735,0.5936330874967988,-5801.237577204165,9612.748090066154,0.45774990905076923,0.3333109144319569,0.210369108824717,182246.02421532656,8.678795381462287,528.0275511803567,340579.0054732871,57454666.65907172,1.5805136814634313,2.9459093851460776,8398.769114043385,0.39994138638301835,6.570440259987582,-0.07177657353956471,6935,0.9684285714285714,9743,4500,35.16732571428571,0.11383375767493084,34.91,35.47,9.190372874740387e-06,1.0160412489258093,649.6938775510205,41.00456983924204,24.469248313543023,25.40256726911383,0.06311367746577225,0.037662734957235995,643.5714285714286,45.53699999999993,0.07075671476137614,62.85714285714266,613.1428571428572,682.8571428571428,7.142857142857142,35.714285714285715,600.0,734.2857142857143,7.0,23.4375,0.022481403470782993,0.0014759518028458157,0.9383925401619568,-3.795066823931109,0.0
3,479.33386349445846,3.0615597390780955,0.025214063233345272,1.428574120228253,9.0,17420.826466696715,6.090038827786735,0.7647683972235908,1.241408169746028,1.8304761904761904,2.373141951314425,0.7171428571428571,0.8594999337140299,70.38238024705123,43.75,38.28125,0.006538836586588212,0.8435099196698785,59.36823590836503,1.1477128193653037,0.05716602520009384,15.825499200486188,0.6778033900456751,-4952.318809854292,9783.753686853313,0.46589303270730065,0.33272036957498935,0.1981906010627209,197396.8667739046,9.40029843201603,593.9883583980618,400047.0675424318,70097394.61719799,1.593436544638841,3.0659176112148483,8553.731619554579,0.4073205533121228,7.093999784844566,-0.01372411014736669,7391,0.9713809523809523,9852,4784,35.363757619047625,0.09337124730291467,35.08,35.6,7.878061132216153e-06,1.014823261117446,649.6938775510205,41.00456983924204,24.469248313543023,25.40256726911383,0.06311367746577225,0.037662734957235995,643.5714285714286,45.53699999999993,0.07075671476137614,62.85714285714266,613.1428571428572,682.8571428571428,7.142857142857142,35.714285714285715,600.0,734.2857142857143,7.0,23.4375,0.07390806937969029,0.005679184685882059,0.928642032539495,-2.6049332637592184,0.0
4,469.801059040782,2.443853290291629,0.05396758124230908,2.013000752370725,7.0,16031.783314772358,8.408135433159266,1.0490664856470324,1.4650585681328676,2.3806122448979594,2.348424427737599,0.7706122448979593,0.38227709421267114,72.24299946968007,46.484375,35.546875,0.007576384922446546,0.9773536549956039,70.60695957953729,1.456788509034465,0.07718042073891238,15.840861329613972,0.6377246872568008,-5217.56042849621,10608.409612746542,0.5051623625117401,0.35364888357305546,0.2069169159471755,196540.7466878694,9.35952886746366,581.9208154467641,387342.73958000715,67471739.6193294,1.6572545746334326,3.0592618677734715,9171.848372686314,0.436754684413634,7.037650899031725,-0.14449710723540854,7521,0.9749047619047619,9900,4903,35.53914,0.10912488878520157,35.26,35.88,9.796304058496055e-06,1.0175836642087353,649.6938775510205,41.00456983924204,24.469248313543023,25.40256726911383,0.06311367746577225,0.037662734957235995,643.5714285714286,45.53699999999993,0.07075671476137614,62.85714285714266,613.1428571428572,682.8571428571428,7.142857142857142,35.714285714285715,600.0,734.2857142857143,7.0,23.4375,0.06261579442797882,0.0015826150907176741,0.975348063875994,-2.7707377255439707,0.0
5,471.2215095041595,1.8615366792273809,0.009203212767933795,0.39986897750264866,9.0,15457.366521559019,2.1829823876082575,0.4204664334624664,0.42395825185097485,1.8590476190476193,1.0222182539605515,0.7177777777777778,0.317596637398244,73.03255742277808,46.484375,38.28125,0.0071579488511789744,0.9233754018020877,67.43646705489175,1.3012440142317936,0.06516856044633734,15.235207837587106,0.6520833464745173,-5332.345218371725,9800.266647032306,0.46667936414439554,0.3296695716975178,0.19477733950008805,198727.92405428618,9.463685130448411,594.0574247694784,400013.4759937878,70091782.25802529,1.5946900066406082,3.076237064788007,8663.291249721291,0.4125376785581567,7.14145996226574,-0.1883106688614266,7448,0.9686190476190476,9742,4688,35.58420714285714,0.09450517721483559,35.38,35.8,-2.036083354146748e-06,1.011871113623516,649.6938775510205,41.00456983924204,24.469248313543023,25.40256726911383,0.06311367746577225,0.037662734957235995,643.5714285714286,45.53699999999993,0.07075671476137614,62.85714285714266,613.1428571428572,682.8571428571428,7.142857142857142,35.714285714285715,600.0,734.2857142857143,7.0,23.4375,0.0351614691093366,9.181296850485908e-05,0.9973956192702249,-3.347804423496072,0.0
6,471.03122006212266,7.502761317021355,-0.03548168548154666,1.7007041929425781,11.0,15751.209056155178,6.692753165178924,0.6493091634001922,1.03251356192178,2.00974025974026,2.5859527635009476,0.682987012987013,1.2112984576268344,72.95474755175863,46.484375,35.546875,0.0067554595891434165,0.8714542869995006,63.57672751094638,1.1242596942097538,0.0498140548886119,15.63112670465052,0.6330195927528113,-5321.105094335819,9734.002653924117,0.46352393590114843,0.3234659212188829,0.17744796668740165,182238.97207210909,8.67845954912658,521.2031262687739,335425.39790223073,56232612.56454737,1.5896660073575932,2.945852387535406,8631.487170329212,0.41102319858710534,6.558564687840407,-0.1895029358155734,7401,0.9707142857142858,9800,4723,35.576504761904765,0.09511047449296021,35.26,35.91,4.676705277856419e-06,1.018434486670448,649.6938775510205,41.00456983924204,24.469248313543023,25.40256726911383,0.06311367746577225,0.037662734957235995,643.5714285714286,45.53699999999993,0.07075671476137614,62.85714285714266,613.1428571428572,682.8571428571428,7.142857142857142,35.714285714285715,600.0,734.2857142857143,7.0,23.4375,0.01743563129437167,0.00041148065944713653,0.9769441318846497,-4.049239391057399,0.0
7,476.16628993026444,4.449494847275989,0.25409264051603575,2.3675874424041985,9.0,17804.5655003412,9.855582818007221,1.5313530051724409,1.6115713498846145,1.9841269841269837,2.1072414229779257,0.7111111111111111,0.810814874615008,72.46375337011021,46.484375,35.546875,0.006716311030120281,0.866404122885516,62.78289467962269,1.09873241160268,0.04648298502887136,16.127866073657714,0.615688443599069,-5249.72740014903,10324.301009222529,0.491633381391549,0.342456973603021,0.2115869909131446,194452.4860088485,9.260083147237891,577.9904662342689,384750.87124969525,66742333.371659644,1.6349845935368033,3.042966018689257,8856.838275417222,0.4217542035912963,6.9850723761667135,0.006930782347835389,7092,0.9744285714285714,9874,4756,35.68251142857143,0.10419152402625119,35.42,35.97,6.36028333156003e-06,1.015527950310559,649.6938775510205,41.00456983924204,24.469248313543023,25.40256726911383,0.06311367746577225,0.037662734957235995,643.5714285714286,45.53699999999993,0.07075671476137614,62.85714285714266,613.1428571428572,682.8571428571428,7.142857142857142,35.714285714285715,600.0,734.2857142857143,7.0,23.4375,0.04600288092377889,0.0020619126906234503,0.9571013930244857,-3.0790512556763403,0.0
8,483.15748756878025,2.1033829634880887,0.06807374325651756,1.783165620911294,9.0,15025.131255911809,10.41399868179649,1.5671061411058511,1.8433565839538664,2.4793650793650794,2.323778308837101,0.6473015873015873,0.36584536616936103,76.50000335152805,46.484375,35.546875,0.005781255805415261,0.7457819988985693,57.05232541524984,0.7644641479853974,0.027783806649414183,14.170508439284333,0.6034174597653443,-5851.225462368113,9187.959602757088,0.4375218858455756,0.3131757285607979,0.18374294629034765,193973.496055171,9.237273015627935,578.8207590798188,388685.5090854886,67209103.87743002,1.5488641964658156,3.039215876749188,8168.214242846008,0.38896258299266706,7.032419343843227,-0.10759378945807467,7061,0.9598095238095238,9579,4543,35.79144904761905,0.09384739524531988,35.53,36.01,5.583573896692166e-06,1.0135097101041373,649.6938775510205,41.00456983924204,24.469248313543023,25.40256726911383,0.06311367746577225,0.037662734957235995,643.5714285714286,45.53699999999993,0.07075671476137614,62.85714285714266,613.1428571428572,682.8571428571428,7.142857142857142,35.714285714285715,600.0,734.2857142857143,7.0,23.4375,0.06110261864213268,0.007620706579777946,0.8891103340071168,-2.795200555422934,0.0
9,481.8607727471252,5.626651891776143,0.03435659917090912,3.6924931813118222,8.0,15679.48516732518,18.04305210456318,2.4166206893765394,3.2148976851938698,1.8432142857142857,1.7540396159978247,0.56125,0.3023584484970629,75.09924451113285,46.484375,35.546875,0.005710800377324944,0.7366932486749176,55.325106411938435,0.7929924121036033,0.03056412714203105,13.58646626646924,0.628819722246649,-5638.820104696773,9475.963585604013,0.4512363612192387,0.32145182151365015,0.19254131316632245,208361.79573320906,9.922462771237157,652.1553778277638,452715.10814704606,81819881.44876553,1.5702523850025365,3.1499190899148433,8376.433906950315,0.39887780509287213,7.5168465125812505,0.0710022703985861,7313,0.9674285714285714,9704,4552,35.84562,0.0932244928985376,35.58,36.08,-1.68674712400431e-06,1.014052838673412,649.6938775510205,41.00456983924204,24.469248313543023,25.40256726911383,0.06311367746577225,0.037662734957235995,643.5714285714286,45.53699999999993,0.07075671476137614,62.85714285714266,613.1428571428572,682.8571428571428,7.142857142857142,35.714285714285715,600.0,734.2857142857143,7.0,23.4375,0.03386863887584144,0.0008709967608700902,0.97492786712047,-3.3852657996785522,0.0
10,477.6111123203023,4.340215737535831,0.05149479352519957,1.3990305091490158,12.0,14143.549384868096,7.190486336149774,0.3364183288427343,0.40348866196577843,1.8565476190476193,2.3940972236815923,0.8403571428571429,1.315830629905931,74.29262384849558,46.484375,35.546875,0.006052521460499315,0.7807752684044115,58.00584332577712,0.9049548579128449,0.036987547980083094,14.805013672786648,0.6333700557435422,-5518.23491177384,9341.764257128636,0.4448459170061255,0.3127845475463769,0.18811757297303516,177124.2944243503,8.43489187220107,508.86739748969416,320635.7690051736,53650786.490416735,1.5602497693546749,2.9042193806052854,8247.226064781138,0.3927250507038637,6.355694074432659,-0.1856629052144394,7137,0.9625714285714285,9716,4632,35.89199761904762,0.09595949043140717,35.58,36.13,4.808062537628177e-06,1.0154581225407533,649.6938775510205,41.00456983924204,24.469248313543023,25.40256726911383,0.06311367746577225,0.037662734957235995,643.5714285714286,45.53699999999993,0.07075671476137614,62.85714285714266,613.1428571428572,682.8571428571428,7.142857142857142,35.714285714285715,600.0,734.2857142857143,7.0,23.4375,0.026338348805601014,0.0021156887907004085,0.9256453927306466,-3.636729272346423,0.0
11,486.65875864013685,8.191502654416503,0.07026437410969202,7.217233878968567,7.0,10654.331830046936,51.15334894572791,3.2039514474776856,4.28814271667905,2.997755102040816,2.6186176729878814,1.0381632653061224,0.9348736570711295,72.21357397875639,46.484375,35.546875,0.0067395692341406434,0.869404431204143,62.782801210219,1.1173642850152061,0.04789018770097621,16.34995208030092,0.6205302873629386,-5213.515060217571,10154.304545120576,0.4835383116724084,0.34256995281193353,0.18973278618253706,198324.13387404077,9.444456110959605,594.5401891884902,400119.2073979251,70101794.18974385,1.6218027053983344,3.0731102119765117,8672.107602247752,0.41295750486894056,7.116736059171981,-0.03652483932971591,7038,0.9707619047619047,9799,4677,35.93005238095238,0.09891924132268075,35.63,36.23,3.777829474067567e-06,1.0168397417906256,649.6938775510205,41.00456983924204,24.469248313543023,25.40256726911383,0.06311367746577225,0.037662734957235995,643.5714285714286,45.53699999999993,0.07075671476137614,62.85714285714266,613.1428571428572,682.8571428571428,7.142857142857142,35.714285714285715,600.0,734.2857142857143,7.0,23.4375,0.0402650117740746,0.00408213444298189,0.907950459247097,-3.2122723813200533,0.0
12,504.4815406355446,20.319677391912418,6.664952798622146,25.63492433862408,4.0,14005.748755889757,193.61030079053705,20.929292225263595,29.26666344017132,3.0764285714285715,2.0288039353676504,1.735357142857143,1.3211244341121555,69.68934897067989,65.625,57.421875,0.037486365304833534,4.835741124323523,336.9996507448499,54.58363237931295,13.002986449862965,83.46309993349409,0.6572337488092328,-4845.31781768064,26787.13185630821,1.2755777074432482,0.959047190633024,0.654634581723917,252611.77444342297,12.02970495944678,580.3295856092244,391285.1311669938,67937465.29344423,3.5807694498468283,3.4683039250263916,17887.48369774352,0.8517849379877867,8.115996663544129,-0.13660047807914827,4799,0.9931904761904762,10521,3964,35.82528333333333,0.09015244078428429,35.58,36.08,-2.6877490893454368e-06,1.014052838673412,595.809523809524,26.586492694230444,21.223508611543394,21.974725027435436,0.04462247015495838,0.03562129802129245,592.8571428571429,27.533999999999974,0.046442891566265014,31.42857142857156,574.0,613.1428571428571,0.0,46.666666666666664,558.5714285714286,645.7142857142857,5.0,31.25,0.06529712338224282,0.0017056312090969908,0.9745438643605043,-2.728807296009398,1.0
13,494.4031437908224,3.6897998960636884,-0.08042616144585245,0.8798090489139052,10.0,17798.618865248816,3.5247216871018123,0.7721116904057417,0.6285770322255759,1.8334285714285716,1.2975067456865266,0.5347142857142857,0.2653200223988274,67.05779031023927,62.890625,57.421875,0.04032253239333043,5.201606678739624,348.80824993926177,69.90867457068234,20.33828390148252,90.33090969757654,0.7135130470384234,-4483.307418005031,26674.76701985876,1.270227000945655,0.9071379666157664,0.5421573610282101,269550.0573388251,12.836328269861664,639.0269183642222,439291.0927555978,78734617.49768792,3.561660971005796,3.582696891468008,17319.16266931984,0.8247220318723735,8.550056336704024,-0.13008534747000838,4765,0.9930476190476191,10491,3958,35.79444047619047,0.088072271620221,35.58,36.08,-1.7315344062578332e-06,1.014052838673412,595.809523809524,26.586492694230444,21.223508611543394,21.974725027435436,0.04462247015495838,0.03562129802129245,592.8571428571429,27.533999999999974,0.046442891566265014,31.42857142857156,574.0,613.1428571428571,0.0,46.666666666666664,558.5714285714286,645.7142857142857,5.0,31.25,0.034167519055890855,0.0008659655104913046,0.9752817762432265,-3.3764798214056864,1.0
14,478.3932879250429,4.0001167916203,-0.02997622509516415,1.188808685353083,14.0,15761.008201605815,6.100916901718459,0.8278180132313536,0.8828717254995793,1.3593877551020408,1.0934279840718912,0.5028571428571428,0.472080254579503,67.95812661139169,62.890625,60.15625,0.033451877020014766,4.315292135581907,293.2591693150181,45.90550342923509,10.11229842975922,78.815432292053,0.7226161515044971,-4607.6691056168975,25282.720019209395,1.2039390485337806,0.9048912165501682,0.654042876492904,253189.85784332888,12.057234051303817,626.7520671925265,429575.6040107055,76499164.83415379,3.3332208159252223,3.4722701359919244,16454.182201860345,0.7835324858028736,8.20996121696031,-0.06741223843618956,4525,0.9924285714285714,10403,4015,35.82138619047618,0.09492190975825437,35.6,36.13,2.3248533580422106e-06,1.0148876404494382,595.809523809524,26.586492694230444,21.223508611543394,21.974725027435436,0.04462247015495838,0.03562129802129245,592.8571428571429,27.533999999999974,0.046442891566265014,31.42857142857156,574.0,613.1428571428571,0.0,46.666666666666664,558.5714285714286,645.7142857142857,5.0,31.25,0.03297817653667994,0.0005732897492740632,0.982913123844186,-3.41190925335255,1.0
15,457.84660350727495,14.126045454587079,0.0038641999323124417,6.580819640846317,11.0,16841.06312305307,29.789876979096658,4.179991738503117,4.821775316663899,1.6503896103896105,1.3932937831627736,0.6359740259740259,0.5768357219869703,67.33708228818679,60.15625,46.484375,0.018497685014265852,2.386201366840297,160.67983779510888,11.361970852339697,1.2730624179765178,44.71545420942827,0.6282117995489953,-4529.521120474989,19499.22110158844,0.928534338170878,0.6887977922044836,0.4383526679814054,215076.98499398612,10.242248916328688,569.7701220776094,382400.4028739528,65883039.169565745,2.5307971652026247,3.2002751741357827,13399.287114756129,0.6380612911788633,7.326249093854233,-0.09400362312243982,5205,0.9904285714285714,10413,4464,35.88764142857143,0.09339921483231606,35.69,36.14,2.6093712984337933e-06,1.0126085738302046,595.809523809524,26.586492694230444,21.223508611543394,21.974725027435436,0.04462247015495838,0.03562129802129245,592.8571428571429,27.533999999999974,0.046442891566265014,31.42857142857156,574.0,613.1428571428571,0.0,46.666666666666664,558.5714285714286,645.7142857142857,5.0,31.25,0.02664269588332106,0.0007714968270571444,0.9718577586723873,-3.6252402416086404,1.0
16,444.75321575198075,6.159775239116391,0.10627671294628091,4.62271531425808,14.0,16666.963804413434,21.219916817939158,3.221049487849924,2.892532167984907,1.558265306122449,1.4481566828244665,0.6140816326530611,0.5345546243344402,71.8658316938919,57.421875,49.21875,0.011096848831095006,1.4314934992112558,102.8754708852165,3.1222549805226834,0.16742983911071,23.991039332167304,0.5973541802873386,-5162.516647933245,13795.60517304828,0.6569335796689657,0.46391798496656556,0.2370749921299584,192886.53766941113,9.185510627620893,533.9775510255258,349621.9897070123,59059769.310023256,1.9288685349228307,3.03068857231371,10968.246844053845,0.5222974687644688,6.877639379811097,-0.10867548342161068,6601,0.9857619047619047,10193,4960,36.030005714285714,0.10475213358760757,35.8,36.36,8.536020971741287e-06,1.0156424581005588,595.809523809524,26.586492694230444,21.223508611543394,21.974725027435436,0.04462247015495838,0.03562129802129245,592.8571428571429,27.533999999999974,0.046442891566265014,31.42857142857156,574.0,613.1428571428571,0.0,46.666666666666664,558.5714285714286,645.7142857142857,5.0,31.25,0.05296989881895843,0.0004046764266161691,0.99241817991517,-2.9380314735850033,1.0
17,440.507899179426,14.437130568399109,0.3289712913480771,6.507649050162537,9.0,16134.158499893041,29.969284674391943,7.1091118285523125,4.468832241808769,2.7434920634920634,2.575210896509573,0.8868253968253968,0.5653388917138578,70.26444545477496,57.421875,43.75,0.01367026782097541,1.7634645489058276,123.90885860802285,4.960705248381378,0.3211974551433491,30.84151021957595,0.5608807515934672,-4934.279250001036,16146.254602777979,0.7688692667989514,0.5414141026370124,0.24048813783412837,205890.8557449446,9.804793358966835,572.6106550362132,378133.26735041616,65529788.3799736,2.157325514547753,3.131186111371373,12014.359437135492,0.5721123541493092,7.175407639102287,0.12460143952797532,6107,0.9864285714285714,10284,4662,36.20177809523809,0.09396428042810741,35.98,36.45,4.423952857460091e-06,1.0130628126737078,595.809523809524,26.586492694230444,21.223508611543394,21.974725027435436,0.04462247015495838,0.03562129802129245,592.8571428571429,27.533999999999974,0.046442891566265014,31.42857142857156,574.0,613.1428571428571,0.0,46.666666666666664,558.5714285714286,645.7142857142857,5.0,31.25,0.08430199740893857,0.0026408801243309487,0.9696251124961859,-2.4733497201988164,1.0
18,429.336912678224,8.820901695792134,-0.6156989672310768,8.032461696592039,14.0,17178.183937837224,35.25444568351057,4.670841298418255,5.46942222230395,1.3593877551020406,1.6356665810961553,0.5714285714285714,0.7278113281930036,71.24710848921171,54.6875,54.6875,0.010318430019148407,1.3310774724701453,94.83542108862615,2.7055271678939556,0.1426772069962833,24.3544674093657,0.5532850573029641,-5074.1178837770585,13667.447565473516,0.6508308364511198,0.46614786141957104,0.3082419657959394,214373.32896932212,10.208739890914906,641.022553341799,442518.4438673983,79503488.91609403,1.9171329914799735,3.195035799555916,10709.08338519373,0.5099563516758919,7.5964139512046245,0.19326973369821904,6497,0.9835714285714285,10182,4726,36.264118095238096,0.09192664444151614,36.01,36.54,9.526731087362157e-07,1.014718133851708,595.809523809524,26.586492694230444,21.223508611543394,21.974725027435436,0.04462247015495838,0.03562129802129245,592.8571428571429,27.533999999999974,0.046442891566265014,31.42857142857156,574.0,613.1428571428571,0.0,46.666666666666664,558.5714285714286,645.7142857142857,5.0,31.25,0.01412998084020158,5.2918015417795937e-05,0.9962688857929188,-4.259456438252538,1.0
19,435.5852164149351,4.087837629571146,0.029793968531666538,3.5908056730056046,11.0,16059.636625631118,18.948637335522008,2.624746750517457,2.3064089012901148,1.684025974025974,1.6847282850660525,0.5733766233766235,0.3357655516133154,76.47001410736799,46.484375,32.8125,0.006342252870596707,0.8181506203069754,62.56398947682627,0.9427707430101022,0.038430204494810764,13.199363902045688,0.585715760914537,-5846.510738289709,10261.684231720206,0.4886516300819146,0.3523963445118666,0.21642428571994576,194679.74704317967,9.270905616609346,578.8954206315528,388213.94107203727,67286882.10832235,1.6301167370591083,3.044743691168982,9020.89125454255,0.4295662502163119,7.028868808690728,0.34565833996127754,7481,0.9790952380952381,10044,4958,36.34148666666666,0.09511286184785028,36.13,36.69,4.6621195700128e-06,1.015499584832549,595.809523809524,26.586492694230444,21.223508611543394,21.974725027435436,0.04462247015495838,0.03562129802129245,592.8571428571429,27.533999999999974,0.046442891566265014,31.42857142857156,574.0,613.1428571428571,0.0,46.666666666666664,558.5714285714286,645.7142857142857,5.0,31.25,0.04601957031549749,0.0005852419127822452,0.9874424574459046,-3.078688531326427,1.0
20,434.49252896256365,5.29335067546213,0.16105655947254474,4.498150317659112,11.0,16379.699526603566,23.420949413354812,3.5768702698933623,3.5874204974623005,1.74987012987013,1.4646665269206507,0.5412987012987014,0.3994088649363945,73.07331409513158,46.484375,32.8125,0.006710905382474664,0.8657067943392314,63.26006449704013,1.0874405813965664,0.04664686869151053,15.966993077434083,0.5893584799105805,-5338.453102492492,10373.534033778647,0.49397781113231654,0.3490447503365536,0.20868300013446558,189087.13933568166,9.004578281617299,548.7985142734393,361141.5917922821,61535561.727992296,1.6388221967814398,3.0006915023333067,8944.940430273205,0.42594954429872406,6.787414868888437,-0.03483306131487537,7215,0.9711428571428572,9856,4771,36.44267476190477,0.09998029773144441,36.14,36.79,2.0080187606269966e-06,1.0179856115107913,595.809523809524,26.586492694230444,21.223508611543394,21.974725027435436,0.04462247015495838,0.03562129802129245,592.8571428571429,27.533999999999974,0.046442891566265014,31.42857142857156,574.0,613.1428571428571,0.0,46.666666666666664,558.5714285714286,645.7142857142857,5.0,31.25,0.03964493585817574,0.0021401745684953145,0.9487814069020801,-3.2277920601635928,1.0
21,436.79429309438143,3.6998280245998107,-0.1450192918286382,3.4513607709280056,10.0,16686.78279873123,16.86507288139337,2.817911780494986,3.336421499136949,2.7522857142857142,3.3305675314625667,0.5575714285714286,0.5237346461633379,70.55595663165347,46.484375,35.546875,0.007583735455328914,0.9783018737374294,69.0250245760834,1.4575282154148124,0.0756990693760633,16.876019552910737,0.6373829287709267,-4976.6531609242975,10580.503621330765,0.5038335057776555,0.36648176752904604,0.21939583402268747,174583.75213968998,8.31390790702843,487.44414039303746,302243.5533796541,49878939.03445026,1.6550537833238783,2.8833161475377453,9165.488296256292,0.436451823631252,6.215951493969636,-0.10227198709470572,7552,0.9804761904761905,10086,4936,36.45090095238096,0.08903267297029005,36.2,36.69,2.821870378931027e-06,1.0135359116022098,595.809523809524,26.586492694230444,21.223508611543394,21.974725027435436,0.04462247015495838,0.03562129802129245,592.8571428571429,27.533999999999974,0.046442891566265014,31.42857142857156,574.0,613.1428571428571,0.0,46.666666666666664,558.5714285714286,645.7142857142857,5.0,31.25,0.08352142688824281,0.0010304834644847501,0.9878124165357606,-2.482652070603865,1.0
22,431.0531879691931,7.888459352840983,-0.049412141597132,5.879537703036341,9.0,15439.631617603816,31.85395749302097,2.945575669289498,4.288538538292695,1.6552380952380952,1.6675416750699927,0.48650793650793644,0.29348953100970276,74.79321537907879,57.421875,38.28125,0.009474212562414465,1.2221734205514672,91.41027987389131,2.0957050869321563,0.08821052213167645,20.92874005999372,0.4973497459055629,-5592.3103304757815,12499.132947002288,0.595196807000109,0.44442103279867645,0.295507677155592,200018.6363594168,9.525150548093565,574.2553348179515,385020.50472270313,66619840.33579312,1.8133877972559025,3.0862107785269686,10319.044491441397,0.4913830710210189,7.116338106361431,-0.18574717928896223,6984,0.9820476190476191,10099,4814,36.532734285714284,0.09676899279907787,36.29,36.79,3.985122924489975e-06,1.0137779002480023,595.809523809524,26.586492694230444,21.223508611543394,21.974725027435436,0.04462247015495838,0.03562129802129245,592.8571428571429,27.533999999999974,0.046442891566265014,31.42857142857156,574.0,613.1428571428571,0.0,46.666666666666664,558.5714285714286,645.7142857142857,5.0,31.25,0.1101764180064772,0.006143292773222701,0.9471861412649348,-2.205672397844719,1.0
23,422.36262223109736,7.775364646686576,0.298379966549142,6.780290065211555,10.0,17174.164153861777,29.017032461102396,6.256257978676087,5.947238755158794,2.1298571428571433,2.4275990868614636,0.6584285714285715,0.6536189522144209,69.77153140689828,57.421875,57.421875,0.014933928038989465,1.926476717029642,134.41323076689196,5.986276861334314,0.4447375559034357,32.3161500894883,0.5507933724802598,-4864.959224393951,15489.960148035258,0.7376171499064409,0.5228546902873599,0.27770857584877506,208157.82534543687,9.912749433089045,569.3674370286359,379175.7655032985,65333927.75056349,2.0909471599683895,3.1483769465236775,11786.646310300504,0.5612688719190716,7.2162007201907645,0.44399620033421566,6557,0.9855714285714285,10233,4762,36.55270095238095,0.09666830917675681,36.29,36.8,-2.1385390524670554e-06,1.0140534582529621,595.809523809524,26.586492694230444,21.223508611543394,21.974725027435436,0.04462247015495838,0.03562129802129245,592.8571428571429,27.533999999999974,0.046442891566265014,31.42857142857156,574.0,613.1428571428571,0.0,46.666666666666664,558.5714285714286,645.7142857142857,5.0,31.25,0.03639161921691868,0.00025285521001407115,0.9930997725040851,-3.3134167721424808,1.0
24,405.71459989284654,22.274576332142292,0.14214724653748947,4.931958321722385,11.0,14064.697785896526,33.095243840989454,3.225515723920002,3.3831443004017676,2.147012987012987,2.839225602862526,0.5914285714285715,0.544791155028606,70.03439467570144,65.625,60.15625,0.03974209409482375,5.126730138232265,359.04744189677183,58.26838495030733,13.18279052178655,80.43236135097607,0.6482313975430648,-4893.4508335169585,19571.283344501113,0.931965873547672,0.6092133936770868,0.43215546791348847,252404.30320294632,12.019824906088209,576.0410561376991,381345.31678768934,66194063.74474412,2.539496602883946,3.466879365290006,14349.607466273565,0.6833146412511222,8.097261475069974,0.32472874624110665,6400,0.984,10217,4638,36.53270761904762,0.0864016767862369,36.3,36.79,-3.3359448083290704e-07,1.0134986225895317,595.809523809524,26.586492694230444,21.223508611543394,21.974725027435436,0.04462247015495838,0.03562129802129245,592.8571428571429,27.533999999999974,0.046442891566265014,31.42857142857156,574.0,613.1428571428571,0.0,46.666666666666664,558.5714285714286,645.7142857142857,5.0,31.25,0.019671258057900785,0.0008558730745044211,0.9583052756381872,-3.9285966904209793,1.0
25,403.9446090938494,6.485857712335314,0.072013156358264,4.795430548733077,5.0,13240.022430764853,24.665498544820082,3.4427383302350485,4.310207454572597,2.688,1.48963427918207,1.3585714285714285,0.8022010537341902,71.50533615594514,49.21875,35.546875,0.007853291849077628,1.0130746485310143,72.44024329427616,1.4951513244828918,0.07221452658624511,16.748864170840324,0.6025826386602144,-5111.537243736146,11990.207972932443,0.5709622844253545,0.4168414742382829,0.2676288489188405,193195.29432681343,9.200214025754246,558.5593635584069,370136.080214342,63391306.049269915,1.7699694462398345,3.033113238955059,9913.199543218892,0.47205712110566156,6.9203729629361606,-0.14233422720998806,7036,0.9848095238095238,10202,4960,36.532696666666666,0.09489979370911113,36.25,36.8,-1.485727745514057e-06,1.0151724137931033,595.809523809524,26.586492694230444,21.223508611543394,21.974725027435436,0.04462247015495838,0.03562129802129245,592.8571428571429,27.533999999999974,0.046442891566265014,31.42857142857156,574.0,613.1428571428571,0.0,46.666666666666664,558.5714285714286,645.7142857142857,5.0,31.25,0.012841096625364295,0.001038538188496968,0.9251753952877921,-4.355104577407452,1.0
26,420.3805929910631,12.303077393061637,-0.3659858689290655,6.434490818064724,9.0,16309.443484911255,37.065217504560096,6.751538478758369,6.029874434052538,2.095238095238095,2.196402748589977,0.9012698412698413,1.296985069146641,72.66214706032167,51.953125,35.546875,0.009729897210315737,1.25515674013073,91.20238363513305,2.1841780781265765,0.1080769642964313,19.577930917946894,0.5434703189895335,-5278.047451810509,13819.9138028231,0.6580911334677666,0.47450505664637843,0.29413943432103573,197799.08158248442,9.419452430234031,564.5134473293232,373001.53015677055,64132306.12526122,1.9311025967967668,3.069039570432452,10849.186397336687,0.5166279236826994,7.013522636390806,-0.015072045903077758,6435,0.9863809523809524,10277,5064,36.53630523809523,0.09933963468919477,36.25,36.8,4.931889126829956e-06,1.0151724137931033,595.809523809524,26.586492694230444,21.223508611543394,21.974725027435436,0.04462247015495838,0.03562129802129245,592.8571428571429,27.533999999999974,0.046442891566265014,31.42857142857156,574.0,613.1428571428571,0.0,46.666666666666664,558.5714285714286,645.7142857142857,5.0,31.25,0.03612055947684211,0.012697571303984773,0.7399005021107509,-3.3208930611612266,1.0
27,445.9778497138733,8.26224744692452,0.010429774428270623,5.428199779600324,10.0,15308.450670363629,30.92022631617084,3.2416222136071497,4.440615286795453,1.5684285714285715,1.2936888327253844,0.504,0.22394587538519392,75.03839189058581,54.6875,32.8125,0.00862964347373869,1.113224008112291,83.53453938273877,1.6490661568040599,0.06365486829809913,18.949187782612693,0.47133193771500215,-5629.278914915933,13278.072283056068,0.6322891563360032,0.4688085444145792,0.31484142760402195,217488.7000962473,10.357097961628996,667.990536832331,470726.2455561198,85645018.38049655,1.881913646736399,3.2181679208033827,10557.901565844302,0.5027572174211573,7.774921048815093,0.07799060104156383,6236,0.9855714285714285,10309,4940,36.62480380952381,0.08896869211112905,36.38,36.92,4.2222593681768e-06,1.0148433205057723,595.809523809524,26.586492694230444,21.223508611543394,21.974725027435436,0.04462247015495838,0.03562129802129245,592.8571428571429,27.533999999999974,0.046442891566265014,31.42857142857156,574.0,613.1428571428571,0.0,46.666666666666664,558.5714285714286,645.7142857142857,5.0,31.25,0.0735311986369819,0.0037432129583818835,0.9515594764023222,-2.6100454915743283,1.0
28,448.9182881181146,2.7032103424384926,-0.01603681001763021,1.7739495560243168,12.0,14248.065077985166,11.242454106319112,0.9081493560834201,1.3294079888723938,1.7051190476190479,1.5358852018216085,0.6254761904761904,0.6218074469912586,74.54516746655634,49.21875,32.8125,0.007239679503399133,0.9339186559384881,69.61912260707581,1.1961470505143132,0.05175261871440687,14.890145543162571,0.5596501111466838,-5555.701209710508,11396.369634911069,0.5426842683290986,0.39092600732011107,0.24323408041100655,196100.27927362116,9.338553229850048,581.5215203418812,387520.5695216364,67414935.81103311,1.720619272761865,3.055831889492467,9653.791277954435,0.4597043465692588,7.0588483007312455,-0.0742492982748688,7058,0.9806666666666667,10123,4990,36.673410000000004,0.09414555850231493,36.41,36.95,2.985536728507595e-06,1.0148310903597915,595.809523809524,26.586492694230444,21.223508611543394,21.974725027435436,0.04462247015495838,0.03562129802129245,592.8571428571429,27.533999999999974,0.046442891566265014,31.42857142857156,574.0,613.1428571428571,0.0,46.666666666666664,558.5714285714286,645.7142857142857,5.0,31.25,0.05921944592653219,0.000817975266873114,0.9863755762553812,-2.8265053125407054,1.0
29,455.38076810999064,3.413282656469645,0.009605061458137205,0.705790701509696,12.0,17840.835705126417,3.227580335727808,0.4665622146498764,0.5087993905773309,1.8063095238095235,1.9108411135774392,0.9289285714285715,1.4544097997628653,79.26106253423733,49.21875,32.8125,0.006105973627663162,0.7876705979685481,62.431608521965195,0.792586541829696,0.02608648875758755,12.233584672565458,0.5341977858512825,-6281.309792939913,10461.116291448543,0.498148394830883,0.35559660461252973,0.21531434329352392,189661.85613625767,9.031947051586155,562.3814680674494,369174.85968987,63596169.56713938,1.6456713144016684,3.0052482358150407,9232.415021902827,0.4396388105668013,6.851236300141314,0.08064509306584207,7404,0.9821904761904762,10098,4942,36.74034904761905,0.0816559394745647,36.47,36.92,3.5278044459611146e-06,1.0123389086920758,595.809523809524,26.586492694230444,21.223508611543394,21.974725027435436,0.04462247015495838,0.03562129802129245,592.8571428571429,27.533999999999974,0.046442891566265014,31.42857142857156,574.0,613.1428571428571,0.0,46.666666666666664,558.5714285714286,645.7142857142857,5.0,31.25,0.04413938780651904,0.001007927292241142,0.9776747013629429,-3.120402747608154,1.0
30,453.77996776865626,6.81051416038292,-0.027781397395901835,3.007734345224671,6.0,14892.17648181788,19.465511334456302,2.035825343786541,2.3848635039073383,1.7092857142857145,0.8218664464390263,0.6623809523809523,0.3752547131925762,76.98301256825789,49.21875,32.8125,0.006588325752551647,0.8498940220791626,65.42740218340742,0.957831537112484,0.03582468096870358,13.394623325439541,0.5436107519886836,-5925.257222938258,10836.049171368797,0.5160023414937522,0.3744300608937891,0.2349907735877685,193918.24988132896,9.234642120164244,573.0213407183029,382214.90949719964,65979435.78832891,1.6753169001370523,3.0387830418279913,9396.245822829953,0.4474402772776168,7.008956557473429,0.08513260765873334,7290,0.9794761904761905,10106,4938,36.803741428571435,0.09162998468404643,36.54,37.04,-3.389215621501115e-07,1.0136836343732896,595.809523809524,26.586492694230444,21.223508611543394,21.974725027435436,0.04462247015495838,0.03562129802129245,592.8571428571429,27.533999999999974,0.046442891566265014,31.42857142857156,574.0,613.1428571428571,0.0,46.666666666666664,558.5714285714286,645.7142857142857,5.0,31.25,0.03051769146285609,0.0017219419341989463,0.9465892830420262,-3.4894487155690705,1.0
31,450.74091665891257,2.5305345708896048,-0.04892761483946688,1.555714249951341,8.0,16729.88860909266,6.759642203260119,1.1252936741641852,1.291772739552702,2.26375,2.246401196460504,0.7644642857142857,0.6443084560050347,71.65848790574665,46.484375,32.8125,0.007281979211599958,0.9393753182963944,67.31421488509909,1.3019369611604104,0.06365091981854844,16.04463256611416,0.6021447776864113,-5133.552928570759,10605.984000794277,0.5050468571806799,0.3653082862893807,0.22242235230329285,187494.6451155855,8.928741612247512,544.7622484901241,354527.7843014093,60482808.093430445,1.657063163949831,2.9880288542909854,9150.460725108922,0.4357362250051868,6.706983027599678,-0.12888403853755034,7574,0.979,10118,4861,36.813587619047624,0.09173951446012167,36.57,37.04,2.3172311811530008e-06,1.0128520645337709,595.809523809524,26.586492694230444,21.223508611543394,21.974725027435436,0.04462247015495838,0.03562129802129245,592.8571428571429,27.533999999999974,0.046442891566265014,31.42857142857156,574.0,613.1428571428571,0.0,46.666666666666664,558.5714285714286,645.7142857142857,5.0,31.25,0.09724118087603119,0.0008877279018691485,0.9909534518122647,-2.3305609856750924,1.0
32,450.4044152247574,7.351127294820411,0.06716859705325441,3.2348388089738616,12.0,14157.971677914287,21.658620691711246,1.8967199159978039,1.5119284561567632,1.2823809523809524,0.9252968513069462,0.6163095238095239,0.6193724765754682,73.69735031412168,54.6875,32.8125,0.009336691632781658,1.204433220628834,88.76353699064899,1.9723280352665102,0.08618672626801457,19.313196223600055,0.4826898557377411,-5429.661886335826,13207.069502556828,0.6289080715503251,0.44733519423932055,0.3094810883406443,202673.66484112284,9.651586496553303,589.5416944239701,397588.17323605745,69326086.02801694,1.8755614817929436,3.1066262886282807,10515.435707796387,0.5007350337045898,7.216282964847142,-0.0053443959904725235,6501,0.9817142857142858,10185,4767,36.887073809523805,0.09270821754177803,35.84,37.13,9.321050296493819e-07,1.0359933035714286,595.809523809524,26.586492694230444,21.223508611543394,21.974725027435436,0.04462247015495838,0.03562129802129245,592.8571428571429,27.533999999999974,0.046442891566265014,31.42857142857156,574.0,613.1428571428571,0.0,46.666666666666664,558.5714285714286,645.7142857142857,5.0,31.25,0.04834731526109444,0.0010787654593876158,0.9781741654676541,-3.029344585799407,1.0
33,432.6577007883587,13.156294329949654,0.13266458528250344,8.013955199207912,12.0,14339.782578880278,50.743109090517635,5.20487559673056,8.284493059606543,1.1703571428571429,0.8639373806121875,0.4136904761904762,0.20318924720911266,68.63763376627377,62.890625,57.421875,0.04613152038191946,5.950966129267608,408.4602337361699,83.81241468468573,26.306888092764122,93.75626711618723,0.6571686151866687,-4697.040935775784,21903.81672762156,1.043038891791503,0.6956477903560924,0.626643296175959,260025.0091207357,12.382732945413386,554.6440021752803,367517.04451599676,62773960.765501894,2.837827775672187,3.5188269766306504,15697.375133872221,0.7474940539939153,8.137316403281757,0.16295653051034498,6774,0.9828571428571429,10219,4396,36.86897190476191,0.09201136146818285,35.84,37.17,-4.836135611875514e-07,1.037109375,595.809523809524,26.586492694230444,21.223508611543394,21.974725027435436,0.04462247015495838,0.03562129802129245,592.8571428571429,27.533999999999974,0.046442891566265014,31.42857142857156,574.0,613.1428571428571,0.0,46.666666666666664,558.5714285714286,645.7142857142857,5.0,31.25,0.020276597626052804,0.0005360305382171504,0.9742449375453034,-3.8982878842526025,1.0
34,447.2356121215322,10.236479900666222,-0.044632281696584425,1.1477227097898042,12.0,12902.6570085147,8.42142528846492,0.6213818135463075,1.1003303995574811,1.7667857142857144,2.785439920860094,0.4348809523809524,0.31582009557094354,74.61167581431539,46.484375,35.546875,0.006467021198101064,0.8342457345550373,62.24447229609585,1.007483408008898,0.044649435733709046,14.06314044023392,0.6243670255478231,-5565.69450997308,9639.931481778087,0.459044356275147,0.3294066614507631,0.20377964392310285,183201.24134149257,8.724284077408093,533.9744576312825,342322.8842263805,58221540.04243964,1.582560897732351,2.9536195820229065,8557.390560730946,0.40749478860623556,6.593279623907162,-0.07452375835741726,7616,0.973047619047619,9865,4748,36.88612809523809,0.09314522082768859,35.84,37.19,5.538026122048017e-07,1.0376674107142856,595.809523809524,26.586492694230444,21.223508611543394,21.974725027435436,0.04462247015495838,0.03562129802129245,592.8571428571429,27.533999999999974,0.046442891566265014,31.42857142857156,574.0,613.1428571428571,0.0,46.666666666666664,558.5714285714286,645.7142857142857,5.0,31.25,0.1033441873324064,0.0024978401674608927,0.9764002993285061,-2.2696902369865257,1.0
35,466.46376166918725,11.224814009589725,0.11998602973144967,4.417723808088412,8.0,14683.004115307109,21.419662165255588,1.674094700122839,2.152879741361914,1.5775,1.120951843619647,0.6244642857142857,0.3979766667732147,69.75962003867875,62.890625,51.953125,0.01708405272441692,2.203842801449784,153.73923645411426,8.953191904200933,0.802173544520052,40.691795311367294,0.5812803509379139,-4862.342051403146,14788.994406635997,0.7042378288874285,0.5133034380628062,0.4199241455489891,221674.71889590326,10.556441682742191,641.3757786948557,430785.6275156508,78736776.423438,2.0223047551246394,3.248990457825786,11274.527927276189,0.5368822822512471,7.672712730535023,0.40666371526447553,6758,0.976,9953,4320,36.8818480952381,0.07939400703778152,35.84,37.1,8.882303227216669e-08,1.03515625,595.809523809524,26.586492694230444,21.223508611543394,21.974725027435436,0.04462247015495838,0.03562129802129245,592.8571428571429,27.533999999999974,0.046442891566265014,31.42857142857156,574.0,613.1428571428571,0.0,46.666666666666664,558.5714285714286,645.7142857142857,5.0,31.25,0.0744664812529827,0.0031332669161472713,0.9596227179846221,-2.5974061709065714,1.0
36,487.41899356746956,3.2220167517356355,-0.008507986864716972,0.4145026609801593,14.0,16604.807987538796,1.7722297381333871,0.21722266310574484,0.26506514841801954,1.874183673469388,2.863445622858713,0.7103061224489797,0.8092863318569306,73.04641782791548,46.484375,35.546875,0.0064281868658741075,0.8292361056977601,60.57272705479207,1.0110847605854731,0.04503001632265865,15.31115412403006,0.6371337229838202,-5334.559860894857,9594.380934635143,0.4568752826016735,0.32613582921865425,0.19296252822260315,192045.72397307804,9.145469973478644,566.7255283079966,375583.363905062,64782155.891697,1.5791319267421666,3.0240758050863206,8501.915869721157,0.40485313665338846,6.892949433843629,0.11410227589038353,7599,0.9685714285714285,9857,4605,36.89909523809524,0.08801558561219527,36.6,37.13,-1.883486884731606e-07,1.01448087431694,595.809523809524,26.586492694230444,21.223508611543394,21.974725027435436,0.04462247015495838,0.03562129802129245,592.8571428571429,27.533999999999974,0.046442891566265014,31.42857142857156,574.0,613.1428571428571,0.0,46.666666666666664,558.5714285714286,645.7142857142857,5.0,31.25,0.03982412799185353,0.00036912070220261476,0.9908163506510186,-3.2232823194244014,1.0
37,496.0672721253486,2.2299231483755504,0.003670142382207959,0.5157883812007859,9.0,15311.892430922719,2.362305339229351,0.32433353462654746,0.28846215504669265,1.7358730158730156,1.0269004161069637,0.8296825396825398,0.5468905206918245,73.21898838043127,46.484375,35.546875,0.006277850162979775,0.8098426710243908,59.29586111971229,0.9665048462555957,0.041779805813195015,15.056867216896794,0.638599443972704,-5359.826811786872,9620.048864678072,0.45809756498467014,0.3286431579884551,0.2002449406411525,193826.35764038013,9.230266090784328,575.2207399558529,381811.6096918277,66091869.521243006,1.5810632519485917,3.0380629608854086,8459.599344543645,0.4028380640258879,6.954323177606506,-0.05802100444060719,7521,0.9702380952380952,9836,4690,36.905864285714294,0.09199091912074674,35.84,37.17,1.5471335117675036e-06,1.037109375,595.809523809524,26.586492694230444,21.223508611543394,21.974725027435436,0.04462247015495838,0.03562129802129245,592.8571428571429,27.533999999999974,0.046442891566265014,31.42857142857156,574.0,613.1428571428571,0.0,46.666666666666664,558.5714285714286,645.7142857142857,5.0,31.25,0.05838250410492896,0.001467723733654351,0.975476722701661,-2.840739021277546,1.0
38,501.14351841970444,1.2769136374958079,-0.010474693836325414,0.2193294328244141,6.0,17770.458217519066,0.8010364995841668,0.25056064734990374,0.1978957867005049,2.721190476190476,2.2165581913000842,1.7028571428571428,1.6264217223855624,72.33560754570918,46.484375,35.546875,0.006780981618107645,0.8747466287358859,63.27532883817122,1.1413292087400495,0.0538914373707672,15.54575907131281,0.6397082464968874,-5231.135364954375,9619.003775081032,0.4580477988133825,0.3281715297455541,0.19823552746153894,196544.6765996125,9.359716015029882,588.8003820599405,393534.26770003495,68816037.0306052,1.5809845704418342,3.059292453209935,8488.99437258121,0.4042378272657719,7.061554182824291,-0.10222806378550509,7535,0.9694761904761905,9790,4551,36.92961571428571,0.0987549634230152,35.84,37.19,7.6002311153721e-07,1.0376674107142856,595.809523809524,26.586492694230444,21.223508611543394,21.974725027435436,0.04462247015495838,0.03562129802129245,592.8571428571429,27.533999999999974,0.046442891566265014,31.42857142857156,574.0,613.1428571428571,0.0,46.666666666666664,558.5714285714286,645.7142857142857,5.0,31.25,0.1190994169442134,0.0014464798589042319,0.9880005881803949,-2.1277966981474465,1.0
39,505.46179281009165,0.9987903419274238,0.008605922940486866,0.21637491082724797,6.0,17759.00222501214,0.8437307284661395,0.3079614974361351,0.1642825144900602,2.9469047619047615,2.233945659280185,1.8030952380952383,1.4986850056071643,74.90713522521058,46.484375,35.546875,0.006108840121748789,0.7880403757055938,59.02984698590466,0.8871713595175053,0.036300023454676325,14.049908994504076,0.6227152499529723,-5609.95311335258,9442.931472797769,0.4496634034665604,0.3200250704828649,0.18995275841034262,212258.63271892007,10.108035274009241,669.2104258819186,466362.6278022527,85069765.18547091,1.5677843858779221,3.1792379494143237,8351.259038974567,0.3976790018559318,7.646568675931284,0.1336057267093138,7470,0.9691904761904762,9672,4602,36.93547238095238,0.09447622880183507,35.84,37.19,-2.831192750330626e-08,1.0376674107142856,595.809523809524,26.586492694230444,21.223508611543394,21.974725027435436,0.04462247015495838,0.03562129802129245,592.8571428571429,27.533999999999974,0.046442891566265014,31.42857142857156,574.0,613.1428571428571,0.0,46.666666666666664,558.5714285714286,645.7142857142857,5.0,31.25,0.09852899669016899,0.0014552068896814046,0.985445632034072,-2.3174043914848523,1.0
40,509.7342002772838,1.1067823951020894,0.005991453662497926,0.34431255145862216,5.0,15270.827144002364,2.0511210132809143,0.3652443414803701,0.3943871940646166,2.8577142857142857,2.2280308135486924,1.557142857142857,1.2821356545758695,71.95634760212926,43.75,35.546875,0.006213593890628,0.8015536118910118,57.67687031897185,1.0050594027391535,0.04668672655735253,14.62024917892426,0.6608018640919382,-5176.462071056458,9378.84000465678,0.44661142879318005,0.3174809433596147,0.18732255346504095,193503.1501050006,9.214874522834448,579.4764451724715,384669.5422699977,66770719.03681486,1.5630068418190284,3.0355289027261363,8259.525212333292,0.39331072439682346,6.9638159020586805,0.2682490367236238,7387,0.9658095238095238,9746,4570,36.93596,0.09223676738233592,35.84,37.19,-1.1591685157187122e-07,1.0376674107142856,595.809523809524,26.586492694230444,21.223508611543394,21.974725027435436,0.04462247015495838,0.03562129802129245,592.8571428571429,27.533999999999974,0.046442891566265014,31.42857142857156,574.0,613.1428571428571,0.0,46.666666666666664,558.5714285714286,645.7142857142857,5.0,31.25,0.09260286463931766,0.0024757772424870567,0.9739607424602806,-2.3794352021787195,1.0
41,513.0249047908402,0.7723346714347394,-0.0014196996803238218,0.21599719932131292,4.0,17463.131824534437,0.8875366775702187,0.2443486104375521,0.18132982824836125,4.3925,2.4466058069271797,3.045,1.9005526854586487,73.06822876316163,46.484375,35.546875,0.006351382978468465,0.8193284042224321,59.866875271880836,0.9955314146652127,0.04452128020522187,14.87463058777678,0.6375499148432201,-5337.750996729146,9415.85855639129,0.44837421697101376,0.31848892377559784,0.1885973062899857,203359.07767216448,9.684226757091503,621.6827372589951,426163.4548028202,75687704.86524159,1.5657645216902885,3.111874933771665,8314.55561582006,0.39593121980095525,7.31475027488596,0.011541351303270497,7448,0.966952380952381,9674,4572,36.92611047619048,0.08905437175312979,35.84,37.19,1.2259260280479732e-06,1.0376674107142856,595.809523809524,26.586492694230444,21.223508611543394,21.974725027435436,0.04462247015495838,0.03562129802129245,592.8571428571429,27.533999999999974,0.046442891566265014,31.42857142857156,574.0,613.1428571428571,0.0,46.666666666666664,558.5714285714286,645.7142857142857,5.0,31.25,0.09842693200255405,0.0009138356220929547,0.9908010009994505,-2.3184408131597785,1.0
42,515.5693454357879,0.6602261799770354,0.018999919076064187,0.19980403804574023,7.0,17753.578477372164,0.7232145454324481,0.15224130213662582,0.15587966333083297,3.020204081632653,3.590071702230382,1.730204081632653,2.198683468863029,70.53703336876222,43.75,35.546875,0.00642011510220862,0.8281948481849116,58.41840764225607,1.1130753795337505,0.0548316623641076,15.44196058124628,0.6779332252602904,-4974.1290987993,9558.775084330584,0.455179765920504,0.32357604528568545,0.19061716429886486,212980.71804318542,10.14242192691011,673.109041794513,469596.74157638696,85890845.18481973,1.5764567507622378,3.1846411029246924,8338.495878953217,0.3970712323311056,7.667568084049821,0.030321197141895476,7441,0.9681428571428572,9747,4635,36.93118571428572,0.09261139385685246,35.84,37.17,-4.6143142317620134e-08,1.037109375,595.809523809524,26.586492694230444,21.223508611543394,21.974725027435436,0.04462247015495838,0.03562129802129245,592.8571428571429,27.533999999999974,0.046442891566265014,31.42857142857156,574.0,613.1428571428571,0.0,46.666666666666664,558.5714285714286,645.7142857142857,5.0,31.25,0.11535875233183748,0.0013743634814615603,0.9882264473805387,-2.1597084209353525,1.0
43,518.4343985110315,1.2298955018587954,-0.005369856973851494,0.627102563749314,3.0,13343.473589946327,3.9369303510435794,1.0194382391409216,0.887261519658066,3.5676190476190475,2.6064828475298123,1.9985714285714284,1.719792346269082,71.30334430737196,46.484375,35.546875,0.0063723818383633725,0.8220372571488753,58.61400557997392,1.0150883602417509,0.0445057772728842,16.83304435168632,0.6428103544780132,-5082.932064703409,9411.668231885724,0.448174677708844,0.3218088561525234,0.1939742443511808,185867.12435343736,8.851236932874773,541.9369220756269,351718.06689360726,59869141.59328985,1.565452121362004,2.97503200745837,8305.705372826464,0.39550977965840306,6.672228447825862,-0.07834562941251164,7426,0.9625714285714285,9699,4573,36.918818571428574,0.09192222094096734,35.84,37.17,1.588845607748328e-06,1.037109375,595.809523809524,26.586492694230444,21.223508611543394,21.974725027435436,0.04462247015495838,0.03562129802129245,592.8571428571429,27.533999999999974,0.046442891566265014,31.42857142857156,574.0,613.1428571428571,0.0,46.666666666666664,558.5714285714286,645.7142857142857,5.0,31.25,0.038985601101411915,0.0004678367027505355,0.9881420548173072,-3.2445629035524237,1.0
44,520.4048203133619,0.5287602518950282,0.01247644264532265,0.1395113141847764,10.0,15305.806508198324,0.6174982006956655,0.07657168392720042,0.10441291409973981,1.9868571428571429,2.898033661302231,1.0604285714285715,1.8216094083899255,74.32437696934814,46.484375,35.546875,0.006750669268886987,0.8708363356864217,64.7243680921634,1.1102428884562827,0.05098915694621376,14.104017756818989,0.6314780713138701,-5522.838096213967,9354.913327474078,0.44547206321305133,0.3204581409678682,0.19300608579954154,176029.45601058117,8.382754226895623,496.0039931585607,313945.3546789694,51708739.54356029,1.561227019748499,2.895229705588645,8327.416335990489,0.39654363504716617,6.425921117505775,0.08492281414237403,7592,0.9667619047619047,9792,4655,36.932814761904766,0.09567636903441135,35.84,37.17,-4.970830526283707e-07,1.037109375,595.809523809524,26.586492694230444,21.223508611543394,21.974725027435436,0.04462247015495838,0.03562129802129245,592.8571428571429,27.533999999999974,0.046442891566265014,31.42857142857156,574.0,613.1428571428571,0.0,46.666666666666664,558.5714285714286,645.7142857142857,5.0,31.25,0.03813787321707585,0.00017650682855713403,0.9953931962791278,-3.266547442895437,1.0
45,522.5093747257002,0.524569648790808,0.017405071998637632,0.1451952500171089,7.0,16576.3117144181,0.5641835867087746,0.09106210374384265,0.11054821423299103,2.677551020408163,2.707938843107274,1.4914285714285715,1.9116323371453583,74.6216586441662,46.484375,35.546875,0.006371192734631358,0.8218838627674453,61.330337052581044,0.9722881628905635,0.04091112660687948,14.385457183237616,0.6208941014689494,-5567.208939350048,9329.606478729187,0.44426697517758035,0.31684212079400703,0.19020148134237697,193153.66459756857,9.198231563291992,574.5805965790521,381453.956902582,66094389.042157255,1.5593467369270597,3.03278643367204,8369.067346218284,0.39852701648658495,6.963411608657895,0.15130742349242438,7501,0.9622857142857143,9630,4589,36.94741904761905,0.09028355131023802,35.84,37.19,-8.714618743484306e-08,1.0376674107142856,595.809523809524,26.586492694230444,21.223508611543394,21.974725027435436,0.04462247015495838,0.03562129802129245,592.8571428571429,27.533999999999974,0.046442891566265014,31.42857142857156,574.0,613.1428571428571,0.0,46.666666666666664,558.5714285714286,645.7142857142857,5.0,31.25,0.07580669305064457,0.0004433245294766674,0.9941859091506329,-2.579568691410754,1.0
46,524.1173450211542,0.38074484059003777,0.011573469985387929,0.11482573542463223,7.0,16446.73137907577,0.5844692494904999,0.10950267348375149,0.11237735347938041,2.992448979591836,2.9385136079442105,1.013265306122449,1.155111776118202,73.02531868155602,46.484375,35.546875,0.006280365270531387,0.8101671198985486,59.16271211590992,1.0090136092068887,0.04535658073602503,15.273677738288642,0.6481172794993241,-5331.451729688997,9460.59565777799,0.45050455513228527,0.3183800011011514,0.1845212621132604,197789.15796169598,9.41897985435954,594.6364661173044,400106.88671732706,70101778.2887824,1.5691036851131879,3.068962582292155,8298.438083970737,0.39516371828432084,7.1167649450945705,-0.1700109081157517,7386,0.9632857142857143,9607,4555,36.959876190476194,0.09608921402609907,35.84,37.25,-4.76257130982291e-07,1.0393415178571428,595.809523809524,26.586492694230444,21.223508611543394,21.974725027435436,0.04462247015495838,0.03562129802129245,592.8571428571429,27.533999999999974,0.046442891566265014,31.42857142857156,574.0,613.1428571428571,0.0,46.666666666666664,558.5714285714286,645.7142857142857,5.0,31.25,0.07645302040933029,0.0008832479268812449,0.9885791240528776,-2.5710788390901755,1.0
47,524.9999996627722,1.2043667962409545e-08,-1.0136917567917957e-09,1.2739620270087839e-08,24.0,16788.70038562075,5.573225717634349e-08,1.97769406687354e-13,1.2602089717556074e-13,0.002857142857142857,0.0,0.0014285714285714286,0.0,72.43971890528364,46.484375,35.546875,0.006330859404738009,0.8166808632112026,59.16013216634392,1.0228403045811088,0.045881182507441255,15.33782757179044,0.6528187565751615,-5246.260439332441,9422.869399572872,0.44870806664632723,0.3195724758809764,0.19071104192044347,187265.33297114057,8.917821466314614,546.6293873190505,357930.3979717226,61002422.71396397,1.5662873389338017,2.986201066262878,8366.973396380306,0.3984273045895384,6.7245421803887275,-0.09361556399637416,7620,0.9684761904761905,9741,4683,36.983756190476186,0.0973807235484525,35.84,37.29,1.1613951694630703e-06,1.0404575892857142,595.809523809524,26.586492694230444,21.223508611543394,21.974725027435436,0.04462247015495838,0.03562129802129245,592.8571428571429,27.533999999999974,0.046442891566265014,31.42857142857156,574.0,613.1428571428571,0.0,46.666666666666664,558.5714285714286,645.7142857142857,5.0,31.25,0.06293066230240499,0.0003113990120776224,0.9950760774458453,-2.7657217570682775,1.0
48,524.0417595763126,1.2360883207474627,-0.0038349353157759395,0.2393675142492071,6.0,14938.607956874519,1.3146562088977194,0.19792805896758084,0.21586453846409426,1.4335714285714285,1.2177448628593792,0.4188095238095239,0.23576250108127836,72.28335843742805,46.484375,35.546875,0.006588475857565505,0.8499133856259498,61.43459389396854,1.112412307201182,0.0527842122682006,15.272445567466928,0.6521403028245896,-5223.5750532610555,9486.182134625178,0.4517229587916752,0.32239377708299094,0.18845174841050605,185787.4091922518,8.847440792049706,537.6128694363468,349416.43587365624,59165210.18008972,1.5710166519313264,2.97439396942391,8472.077985877195,0.4034322850417712,6.683933936876502,-0.16176947729937768,7708,0.9705714285714285,9803,4761,37.01144047619048,0.10748118896219434,35.84,37.29,1.3731124034979184e-06,1.0404575892857142,595.809523809524,26.586492694230444,21.223508611543394,21.974725027435436,0.04462247015495838,0.03562129802129245,592.8571428571429,27.533999999999974,0.046442891566265014,31.42857142857156,574.0,613.1428571428571,0.0,46.666666666666664,558.5714285714286,645.7142857142857,5.0,31.25,0.10119212168372614,0.00022159926927329724,0.9978148985443892,-2.290734374134199,1.0
