,0,1,2,3
0,15.23100355390083,18.197135636057286,7.0457976849521895,9.03312144529943
1,14.586709886547812,16.135228582404917,8.169616806068857,10.644589000591367
2,13.630168105406636,16.554986204178164,5.8636696799413635,10.271774020971538
3,14.029618082618862,18.043303929430635,6.327778949588695,10.550996483001173
4,17.673048600883654,14.50735442272819,11.516314779270633,10.459035444509007
5,13.878180416345412,15.659506123268422,7.010983874737087,10.052356020942408
6,17.465554046186686,19.53648726297644,8.634868421052634,10.847730012053033
7,16.76602086438152,16.599040944300995,9.069315482617146,10.507880910683012
8,16.586804275709543,15.92115238817286,7.572570466975177,9.177820267686425
9,19.41354903943377,16.387046429964883,9.100758396533045,11.705033164260634
10,15.80730146782085,15.102481121898595,7.723664449688907,7.408931878987446
11,16.874246685415827,18.230563002680963,9.054895302773062,10.353753235547886
12,15.861027190332326,15.575746337845354,8.608321377331421,12.581014105985512
13,16.469594594594597,15.750984436527279,10.991527364323334,12.51303441084463
14,14.500836586726155,12.820512820512821,9.075194468452896,10.44487427466151
15,16.467359341305624,17.58155889822231,8.746355685131196,8.26771653543307
16,18.36359926545603,17.8173719376392,7.092198581560284,9.540846750149075
17,14.880952380952381,17.145578663279885,14.230052515669998,13.02170283806344
18,17.606371829805074,15.70364405073485,12.1049092131809,16.86069851465275
19,16.238159675236805,15.51312649164678,13.494172970762625,18.619934282584882
20,18.06391848077814,17.454545454545453,13.557929334428923,17.0261066969353
21,17.181427694825118,16.789926044373374,14.712438698172091,19.04406273338312
22,15.181332583637893,19.417475728155342,14.991671293725707,18.45121610287951
23,12.38738738738739,18.905080740448994,11.995201919232306,18.043303929430632
24,18.973998594518626,17.506889285135355,9.879253567508231,17.019856499249123
25,18.408044997443326,16.943834326953247,8.2687338501292,16.71050595698592
26,17.233760494918247,17.77251184834123,11.332633788037775,18.673409842443107
27,15.78947368421053,15.095800270950264,14.070744576900527,16.666666666666668
28,17.162471395881006,14.675446848541863,10.006253908692933,17.578125
29,14.854313464102077,19.867549668874172,9.220130618517095,17.307692307692307
30,20.322773460848776,18.91625615763547,16.1090458488228,17.404757300328757
31,16.8708576019281,12.415349887133184,12.340036563071301,14.134275618374557
32,16.844469399213924,20.481927710843372,10.573722341883688,16.29169899146625
33,16.483516483516482,19.147737938802326,10.62992125984252,15.575746337845354
34,15.476382395615026,18.46722068328716,11.908699966920278,16.108654453569173
35,15.135135135135133,14.868471216164695,7.615823989845567,13.910355486862441
36,17.210944395410415,19.410085632730734,7.555089192025184,13.986013986013988
37,17.48251748251748,13.450401643937976,11.088523378303456,16.19433198380566
38,15.342250196695515,15.639545708434186,11.12713785287451,15.35181236673774
39,16.99346405228758,16.13212982523526,17.235188509874327,13.756209400076424
40,16.77226984718598,15.509601181683896,16.666666666666664,13.433747201302667
41,17.267843438219494,17.591868647380767,8.753647353063776,14.443329989969913
42,16.597510373443985,12.798138452588713,12.955465587044536,16.477049823460177
43,14.473684210526313,13.915243516761544,13.851481338976532,14.55427531837477
44,13.466639461334422,15.879478827361561,10.858636637844361,15.32008024803939
45,17.10701387568903,16.160061562139287,15.692135251260977,16.383850204798126
46,17.89137380191693,15.753938484621157,16.405667412378826,13.684428778768403
47,12.408088235294118,15.615615615615615,12.581547064305685,13.46549466990836
48,15.99086236436322,15.015641293013555,14.985590778097983,13.367991088005942
49,13.38389471336159,13.477639371043495,15.977058582548135,18.46153846153846
50,15.817223198594023,16.50240660096264,11.673151750972762,15.709743781559753
51,18.656071860424944,19.668906736600555,12.755519215044972,16.39871382636656
52,16.00304819965708,15.231400117164617,11.145510835913312,19.679300291545186
53,17.692591227423517,16.545203860547566,7.9155672823219,18.20940819423369
54,18.007878446820484,13.86214863303812,8.059100067159168,14.232061672267246
55,15.303119482048265,14.78439425051335,12.116316639741518,16.0427807486631
56,15.258215962441314,15.13094083414161,10.507880910683012,14.745308310991957
57,19.56271576524741,16.266460108443066,9.09484625378952,16.99074948083821
58,13.239719157472416,17.113519680547633,18.489984591679505,17.80063291139241
59,15.903067020068157,16.3075131042516,8.426966292134832,15.315138425289616
60,15.167474194227934,16.196013289036543,8.808416931734769,15.273154493831996
61,15.540944411237298,10.646687697160885,18.010291595197256,19.047619047619047
62,16.521923321330227,15.993907083015992,7.422068283028204,11.219613546644506
63,17.765495459928935,13.953488372093023,9.887005649717512,14.442013129102842
64,16.238159675236805,15.808674503445483,12.917115177610333,16.984336667295718
65,15.738498789346245,14.225788801750863,6.593406593406594,12.02886928628709
66,18.507807981492192,15.41806681162285,12.997243009058685,20.164301717699775
67,19.012115563839703,14.959484728859339,12.140287769784173,16.660496112550906
68,18.871221387384242,15.36983669548511,9.15875169606513,16.139240506329113
69,12.573344509639563,14.77832512315271,9.318578916715202,12.251717096714312
70,16.98685540950455,15.267175572519085,9.156311314584695,14.202476329206117
71,16.009148084619785,12.126111560226356,7.442322004465392,16.00914808461978
72,12.19264377159114,14.037824137258724,8.399999999999999,16.881028938906752
73,16.269610691458453,15.819209039548019,9.821976672805402,14.814814814814815
74,18.777383684539956,13.622291021671828,8.319852091518372,14.937759336099585
75,19.09039865244245,10.804321728691477,7.971656333038087,11.995201919232306
76,15.457277801631598,13.1550098662574,8.02139037433155,16.045845272206307
77,17.89620202823623,14.831717056474618,14.478182183792478,15.91187270501836
78,14.736444360476103,12.23128243143069,11.522949875168045,20.011117287381882
79,19.029031471090512,14.90991923793746,9.504412763068569,13.338722716248988
80,13.782542113323123,13.948082138705928,10.143702451394757,15.672091621458708
81,21.201413427561835,15.584415584415586,12.47141966327167,16.775396085740915
82,17.751479289940825,16.175621028307333,12.180267965895249,15.73215006050827
83,14.394765539803705,12.653374233128837,8.359872611464969,13.61105382553104
84,16.88872208669544,12.569034469624834,7.712082262210796,13.563501849568436
85,15.192620727075418,14.18200236366706,8.037508372404554,13.131313131313131
86,13.225569434239532,17.92828685258964,8.104978772674643,9.734333806530115
87,16.917293233082706,12.178619756427606,10.246679316888045,19.925766751318612
88,15.598885793871865,11.46788990825688,8.629545921512225,14.809189291816974
89,15.813253012048191,12.13101496158512,12.197601138442774,12.994683992911988
90,16.089385474860336,12.514220705346986,9.294091613188758,13.66223908918406
91,15.77350859453994,12.121212121212121,11.29305477131564,15.081206496519723
92,14.503532911863145,13.062409288824385,9.894867037724179,14.593077642656686
93,14.199655765920825,11.125533098460968,7.476635514018693,13.48819782690146
94,16.33605600933489,22.857142857142858,10.926473935806966,11.25703564727955
95,14.745033790702436,18.484288354898336,8.945686900958465,13.740458015267176
96,16.403046280023435,13.795746311553936,8.26771653543307,13.301311657121744
97,18.497109826589593,13.330640274691982,10.127803231251507,15.528568584511248
98,14.439096630877458,16.544117647058826,5.806919912896202,11.448196908986834
99,16.56050955414013,14.423076923076923,7.38552437223043,15.101645692158758
100,16.90480982088952,13.010053222945007,8.949499254208394,15.486725663716815
101,15.371477369769426,11.976047904191617,7.237635705669482,11.426394972386213
102,13.118062563067607,15.794669299111549,11.83431952662722,18.82119861317484
103,13.710012463647692,16.409454971674155,9.264620729588882,19.08169350029815
104,18.255578093306287,15.71503404924044,13.549579141859986,19.362186788154897
105,15.7239571958943,11.594202898550725,9.809932556713674,17.077798861480076
106,14.301191765980496,14.11161000641437,8.959044368600683,18.648018648018645
107,18.9555844638543,17.80085295753755,9.752133279154815,14.859973328252996
108,13.851481338976528,14.981273408239701,9.106678230702515,13.355592654424038
109,17.59899434318039,19.08325537885875,9.501187648456058,12.35839340885685
110,19.123505976095615,20.0,10.980073200488004,17.361111111111114
111,13.894736842105262,15.794669299111549,13.782542113323123,16.34241245136187
112,14.797951052931131,13.32099907493062,9.032258064516132,15.324165029469548
113,14.797951052931127,11.518525628719523,9.307135470527404,16.480033805197547
114,13.116057233704291,14.988758431176613,14.084507042253522,21.213906894519738
115,15.062761506276148,15.759849906191372,12.464589235127479,21.02157477411027
116,16.894609814963793,14.181349376880101,10.563380281690142,17.445241325838342
117,16.93548387096774,8.665153703321643,11.41498216409037,22.979238056843375
118,12.626745743256173,13.692946058091286,9.919697685403873,19.682886823400768
119,14.999999999999996,16.055045871559635,14.314115308151095,16.27946413430558
120,16.86408351736599,16.01219977125429,14.417744916820702,17.41486068111455
121,11.978438810141744,15.665796344647521,12.933821944384562,11.76470588235294
122,16.37623346630275,11.700975081256775,16.850291639663,19.664967225054628
123,17.75498125863089,17.26263871763255,18.0469219971927,16.689847009735747
124,17.09726443768997,15.321154979375365,16.55824955647546,18.856806128461994
125,20.015698587127158,17.519953280124586,16.956521739130434,18.38235294117647
126,12.61467889908257,16.556291390728475,7.30816077953715,15.280135823429543
127,8.19672131147541,9.811937857726901,6.226219301279834,17.142857142857142
128,19.051651143099065,17.312448474855728,15.571970453184266,15.7156220767072
129,16.150740242261104,14.530551415797316,11.801730920535013,13.407821229050278
130,16.17921593030492,17.95063575168287,17.084282460136674,16.629711751662974
131,13.766730401529637,18.561484918793504,17.371163867979153,15.732150060508273
132,16.43513989434553,15.77350859453994,18.141503729086875,15.61048132317413
133,19.08682634730539,20.182034032449543,17.44862349747964,17.228177641653907
134,15.65703634669152,15.418502202643174,17.381228273464657,19.369540448157995
135,18.82451370006275,15.133876600698486,18.75689591761677,16.095037363479598
136,17.32991014120668,15.821312238250348,14.210793435966838,15.414258188824663
137,16.703121893020484,15.745079662605436,14.808166928427193,17.452006980802793
138,16.548463356973997,13.764337851929096,11.90003966679889,14.56038827702072
139,16.29485935984481,14.084507042253518,12.6984126984127,15.873015873015872
140,16.19797525309336,13.947590870667794,9.47653429602888,12.628920227320565
141,16.660496112550906,16.132129825235257,12.687427912341406,18.24054721641649
142,20.247469066366705,14.34878587196468,7.594936708860758,12.406015037593983
143,21.50023889154324,17.408123791102515,10.793793568698,13.907668533899944
144,17.469204927211646,12.842965557501456,11.57060209985001,16.10738255033557
145,15.396762731938411,16.438356164383563,15.228426395939087,18.93491124260355
146,16.25386996904025,15.22545383564318,12.222725215029426,17.261219792865365
147,18.8758389261745,16.357688113413303,14.814814814814811,18.244013683010262
148,21.71727327568872,14.374126572170095,12.040939193257074,16.65675193337299
149,17.04199634814364,14.416775884665794,13.007489160425699,17.8394449950446
150,15.66579634464752,18.313620755436855,17.362546506820998,17.30769230769231
151,17.602190494817133,18.80141010575793,17.744916820702404,21.252796420581657
152,14.67820850583365,15.69100784550392,18.775669861138276,21.21807465618861
153,16.1019792016102,15.989967079479541,14.239701644346498,18.84718077587561
154,17.188693659281896,18.978761861726163,12.886597938144329,16.54107700790296
155,14.884979702300404,17.825311942958997,13.6518771331058,16.289592760180998
156,14.725568942436414,18.56052794390596,11.51189562547966,11.540680900173111
157,15.703644050734852,16.935483870967737,9.530292716133424,16.336903249228534
158,15.335463258785943,17.454545454545453,11.067841770854685,16.339869281045758
159,16.263552960800666,14.568546880836761,12.273075939657376,17.95063575168287
160,16.62049861495845,15.727391874180864,12.303485987696513,15.825169555388094
161,11.741682974559684,17.103762827822123,11.952191235059763,15.928119256687767
162,17.18142769482512,18.087855297157624,13.298408220834173,15.559545182525433
163,15.142690739662198,14.916096954630206,10.598366085228525,14.67820850583365
164,20.72538860103627,16.847622613253467,13.186813186813184,15.506738046889422
165,16.595744680851062,14.939666730511394,13.14060446780552,18.35564053537285
166,16.064257028112447,19.639934533551557,10.330973789936866,16.377461493468516
167,15.06373117033604,15.43739279588336,10.471204188481675,15.256084271703596
168,17.269736842105264,12.186115214180209,8.960955835289097,14.002333722287048
169,17.728999577880963,18.511376783648284,11.83950887963166,14.982712255090282
170,16.348773841961854,14.297872340425533,11.02572669562312,12.420382165605096
171,15.151515151515152,11.94981079466242,9.792492422476101,10.154431986460759
172,12.733937873818249,13.469387755102039,7.7619663648124195,13.242375601926163
173,16.589861751152075,8.503745697509617,7.517226978492379,8.030592734225621
174,16.196013289036546,10.510181738559229,7.3909830007391,11.404675917126019
175,18.54714064914992,10.876132930513597,7.558578987150416,13.375441203789709
176,12.163656468853668,17.244682889442423,9.534619750283767,11.19635081899233
177,15.636105188343997,13.724742661075103,9.943181818181818,12.373685295937307
178,14.726938024135812,12.756088132972554,9.594882729211088,12.101653892698668
179,16.25,12.547528517110266,9.952606635071092,11.340011340011339
180,14.764338444065872,10.41064198958936,9.534619750283767,11.968880909634949
181,14.92846775865644,10.278372591006423,8.695652173913043,11.139992573338283
182,11.352885525070958,13.769363166953525,9.595613433858807,12.81055900621118
183,14.69087941236482,19.97087580611608,10.391859709893916,13.549579141859988
184,16.952345074401958,11.57556270096463,10.035542546518922,12.408347433728144
185,16.551724137931036,11.62340178225494,7.570977917981072,14.428412874583799
186,15.799868334430547,10.219288907813498,7.093875620714115,11.074197120708746
187,17.91607732201792,19.23725953425582,13.388259526261587,19.255455712451862
188,14.742014742014744,16.419077404222048,14.147909967845662,21.669341894060995
189,14.681892332789559,15.597920277296362,14.879107253564786,21.986075485525834
190,18.21977604858607,13.853904282115872,11.287625418060202,16.348773841961854
191,18.154311649016645,13.70906321401371,12.79317697228145,15.987818804720215
192,19.898556379243075,17.306652244456462,10.454985479186835,18.411967779056386
193,19.83278242271048,14.117647058823533,16.87424668541583,16.923655509590073
194,19.65923984272608,18.0977277297406,15.451664025356576,21.436630312147425
195,13.592599584670568,13.779904306220098,11.21029686526884,17.892644135188867
196,17.008286088094202,13.485671474058812,15.640665730900341,19.93355481727575
197,13.675922088686281,16.506189821182943,17.878426698450536,15.709743781559753
198,19.4300518134715,18.192154633314384,11.224277696944503,18.303145853193517
199,16.304347826086957,16.36469900642899,16.38065522620905,19.57397812320092
200,19.03150771833369,15.68785197103781,11.455239711497669,16.18809019078821
201,15.568862275449101,14.705882352941176,10.38511466897447,12.559467174119886
202,16.38655462184874,16.99074948083821,15.42746946646668,17.16738197424893
203,20.246129416435092,14.85817199459703,15.381581542102149,18.401380103507762
204,16.780283167278444,17.33477789815818,7.144072121109032,13.102637325718126
205,17.72151898734177,13.012618296529967,8.926673751328373,9.336704921221552
206,12.172854534388314,15.8102766798419,6.66851903306474,11.911852293031567
207,11.904761904761903,14.686499717567312,7.922535211267605,12.40368351813569
208,14.189988175009853,14.434643143544507,7.045561296383277,10.301411674933231
209,19.387949059114238,17.028177579566186,6.174427579109854,9.167303284950345
210,16.018306636155607,16.1507402422611,8.563273073263558,8.353221957040573
211,16.216216216216218,11.443829868395955,10.524007893005919,12.893143192029694
212,18.64512119328776,13.6518771331058,8.853288364249579,10.544815465729348
213,14.882182720132288,17.761989342806395,7.905138339920949,12.156934978817462
214,16.99074948083821,16.216216216216214,7.56811301715439,13.811624784193365
215,16.789926044373374,15.327176262527022,9.66405890473999,12.675244862684846
216,14.35406698564593,14.601500709795173,8.370146477563358,14.686499717567312
217,16.075845012366035,12.412081092263135,5.991013479780329,12.415349887133184
218,17.058377558756636,13.165769000598443,6.471095772217429,10.246679316888045
219,18.436719800268868,18.11320754716981,7.980492130348038,10.94224924012158
220,19.28915877835328,15.253313964045761,7.503126302626095,15.590200445434299
221,16.332085743450154,17.714484195901353,9.513742071881607,10.823220728107577
222,13.163668275559454,13.107591480065539,8.526764566556135,10.394610202117422
223,17.509727626459142,14.542516663300345,11.610406364222749,12.770897832817337
224,15.69506726457399,13.035749555599448,6.501950585175553,13.486176668914363
225,14.851485148514852,14.761544284632853,8.974358974358974,11.07215353386234
226,16.29802095459837,15.148037640578382,10.676156583629892,14.125956444967626
227,15.448603683897801,15.975656143020158,10.68702290076336,15.466983938132067
228,17.509727626459142,14.544098452358757,7.9470198675496695,12.729026036644168
229,17.013232514177695,14.021211576487504,9.501187648456058,12.607690691321706
230,16.504443504020312,13.544018058690742,14.678899082568803,19.051176690324986
231,15.66579634464752,16.743073549930237,9.829159840861221,14.524914262658863
232,14.705882352941176,15.754393051908705,11.915269196822594,16.45123384253819
233,16.78165206041395,11.87883587408434,8.338296605122096,13.50337584396099
234,17.55119097367321,12.59061426936284,12.262415695892091,18.226694513005505
235,18.116625778448764,16.33605600933489,10.714285714285715,16.01219977125429
236,16.97792869269949,14.479302023389643,9.506833036244801,15.757575757575758
237,13.745704467353951,16.574585635359117,9.538950715421304,13.505908835115363
238,18.274111675126903,17.32336956521739,9.75609756097561,20.437956204379564
239,16.959418534221683,19.068984856982613,14.226437462951985,21.40309155766944
240,17.578125,16.169393647738215,16.238159675236805,18.47219549740235
241,13.62862010221465,22.654332641117616,15.055008685581932,22.028985507246375
242,17.99871437754446,15.610481323174131,14.790468364831552,19.487963316774934
243,14.440433212996393,17.46555404618669,13.287698812160258,17.6056338028169
244,19.399011030810193,20.19002375296912,14.571268447599476,19.307211811470758
245,15.18163744803904,21.907216494845365,17.07132018209408,16.331658291457288
246,17.337699865151222,17.30436454527975,11.099691675231245,14.6948003014318
247,16.595744680851062,15.139751552795031,9.930121368150056,17.5609756097561
248,19.70253042302492,19.51032899770467,12.13346814964611,19.162526614620297
249,14.00233372228705,17.65447667087011,13.425549227013834,18.223234624145785
250,15.00625260525219,15.887025595763463,14.48983698933387,17.830609212481427
251,16.10738255033557,18.73622336517267,15.228426395939087,19.459459459459463
252,16.422287390029325,13.48062160644074,10.989010989010989,11.07011070110701
253,13.510977669356349,20.82572159298502,13.846153846153845,14.860681114551085
254,17.21828964989478,18.684312962242117,10.542756735650135,18.601046308854873
255,15.025041736227045,19.190788421557656,12.072434607645874,21.95354756601973
256,17.094017094017094,19.778941244909827,17.709563164108616,22.56532066508314
257,18.09272521673577,14.667168108311394,15.60468140442133,22.25519287833828
258,17.653981953707337,19.820150486327766,19.187358916478555,22.54367837685516
259,17.758985200845665,12.803103782735208,20.97902097902098,20.829315332690456
260,16.160061562139287,15.847216578626572,13.440358409557586,22.463496817671285
261,18.979833926453143,16.52892561983471,18.633540372670808,22.54791431792559
262,19.054735662245474,16.6073546856465,18.794048551292093,22.22222222222222
263,14.184397163120563,16.219588271990023,21.236727045596503,23.854600530102232
264,19.679722168628206,19.03628792385485,9.99791710060404,17.198547678196064
265,20.086648286727055,19.577735124760075,22.0801859384079,23.157082207641835
266,19.395322304620652,19.91701244813278,15.183959509441307,22.09537838335482
267,17.267843438219494,17.743403093721568,12.588212855235552,19.82015048632777
268,14.882655981682884,15.60758082497213,9.279717189571365,16.345804576825284
269,19.006137398534943,16.403785488958988,9.397024275646046,20.182034032449547
270,16.69980119284294,20.10644589000591,9.626955475330927,20.29850746268657
271,19.9501246882793,16.6865315852205,17.357762777242048,18.908804412054366
272,15.364916773367476,14.058106841611997,8.928571428571427,14.99063085571518
273,16.464131713053703,18.22231220894918,13.65964712578258,17.042226850975194
274,15.88201928530913,15.281062397671459,10.707911957168351,14.404432132963988
275,16.039481801357184,16.230838593327324,9.577015163607342,14.173228346456693
276,19.87916585460924,16.082711085582996,12.714558169103622,15.251006142766363
277,15.954415954415953,16.716972370559553,14.569000404694457,14.59262261856506
278,20.214782059380923,15.859030837004404,13.510747185261001,16.12569774653711
279,19.6683378326263,14.01323472168159,12.49739637575505,15.318146111547527
280,20.473705339221194,14.769929937511836,13.398294762484774,15.681544028950544
281,16.493225996465736,16.448012531819074,14.316702819956614,15.31213191990577
282,13.5236664162284,15.686274509803921,11.097410604192355,13.616670105219724
283,20.444978953698133,17.165744802593935,10.721465266919813,15.43637443103107
284,13.231756214915796,15.258215962441312,14.195583596214515,15.387650424146775
285,17.99775028121485,15.133876600698487,11.170872983036823,14.745033790702436
286,19.728729963008632,16.830294530154276,14.48109412711183,16.744186046511626
287,12.808349146110059,15.26393894424422,10.195412064570943,14.27155599603568
288,15.09580027095026,17.689331122166944,12.036108324974924,17.128874388254488
289,16.34320735444331,16.815034619188925,11.650485436893202,14.039779374895538
290,18.229166666666668,14.959484728859339,9.681881051175656,11.282908483075637
291,17.080113867425784,13.322567622123536,10.335917312661499,17.584257902449234
292,18.19560272934041,13.306719893546237,10.686720759944587,15.33320228032239
293,19.129782445611404,13.380909901873327,12.239347234814142,7.882636303919421
294,17.921146953405017,15.69800037376191,10.238907849829353,18.89391851997638
295,15.488482922954725,15.6469408224674,10.043041606886657,15.09750471797022
296,16.216216216216214,19.813519813519815,11.966493817311525,14.943960149439603
297,16.993155534576353,16.20683002122323,12.51303441084463,16.29802095459837
298,11.836654172420596,21.336327905670974,12.665515256188833,14.542516663300344
299,12.200081333875561,13.178124313639358,10.555415933651672,12.15022091310751
300,17.62977473065622,18.63739904742183,13.215859030837008,14.843006660323502
301,17.68048831824879,17.287744909719553,11.39000210925965,14.97504159733777
302,15.987818804720217,14.132995107809384,12.37680495072198,13.524590163934425
303,15.421115065243178,11.727912431587178,12.862989670629506,13.025458851391356
304,18.522329697468617,18.526687251874723,12.753623188405799,13.071895424836601
305,17.090770983668822,14.933946008041353,8.895478131949591,13.582342954159595
306,15.646731571627262,16.31321370309951,13.301500682128243,19.199999999999996
307,16.059295861642983,13.338722716248993,13.082259663032707,15.593762495002
308,17.770255976306323,17.23807699674392,12.738853503184714,18.383761011106856
309,16.79328268692523,18.718801996672216,16.055045871559635,18.348623853211006
310,15.424164524421592,15.037593984962406,14.233340521889154,17.825311942958997
311,14.233340521889154,15.335463258785943,15.193078708588311,17.643599294256028
312,14.438853642528988,15.624999999999998,8.860759493670885,17.899761336515514
313,17.478152309612984,14.334063308779614,16.51073197578426,19.914096056228036
314,16.609880749574103,15.430267062314538,10.966415352981496,18.18916734033953
315,17.917579135974517,15.873015873015872,13.466639461334426,17.064846416382252
316,11.65954139137194,15.567086730911784,10.524264275969596,12.217697149204
317,18.7603457789222,17.578125,14.97277676950998,17.73180642777983
318,14.772727272727273,16.96512723845429,9.287925696594426,18.20940819423369
319,15.125072716695751,15.432665809296344,17.42497579864472,18.65398683247988
320,15.315138425289613,17.27447216890595,9.896907216494846,14.669926650366746
321,17.825311942959,17.893755824790308,9.032258064516128,13.365509560051978
322,15.873015873015872,15.677491601343782,8.972441785943174,17.97416214192099
323,14.31492842535787,16.895809176743416,15.581886057458204,16.566509663797305
324,18.404907975460123,17.391304347826086,18.783017022109178,14.484679665738163
325,17.45539177657098,14.783927217589081,13.642000826787928,11.549566891241577
326,12.643678160919539,15.366430260047279,8.868243243243242,9.889333647280434
327,13.79574631155394,16.604071950978454,16.785022595222724,10.693069306930694
328,18.152480839048003,15.473120412616545,16.304347826086957,17.049490883258347
329,14.67889908256881,18.112296236667333,15.442486636309642,16.93207014714775
330,17.937219730941706,18.32410765413247,15.61874249098919,14.361995949180628
331,15.67261645624728,17.152658662092627,14.65798045602606,12.94653560297291
332,15.93137254901961,18.729096989966553,16.743073549930237,11.43728555089592
333,16.25,16.036655211912944,19.472616632860042,18.916913946587538
334,13.387423935091276,16.816816816816814,17.835909631391203,12.265378182493961
335,17.40211311373524,17.609078458227355,16.857314870559904,13.513513513513512
336,17.868538608806634,16.826923076923077,15.35433070866142,15.210608424336971
337,19.716574245224894,16.11356224822559,18.167137666532096,15.178050204319906
338,17.023134002618942,17.709563164108623,16.826923076923077,15.67524115755627
339,12.648524338827137,17.47311827956989,17.53019088430074,16.260162601626014
340,18.621365566808233,18.298555377207062,17.215189873417724,15.7093765341188
341,11.361484567316799,17.624380392876812,15.682857765192768,17.853821833736287
342,16.64177512267975,12.322628827483198,16.178736517719567,19.87529228371005
343,15.748031496062994,15.987818804720217,19.611848825331972,21.404431092752535
344,19.696347968814116,17.167381974248926,15.801354401805867,17.39445551730386
345,14.026884862653416,15.279138099902056,16.977928692699493,19.310867095797047
346,19.09039865244245,17.523364485981308,13.563501849568436,16.955538809344386
347,18.504240555127215,16.059295861642994,20.008336807002916,20.048264340077964
348,20.477815699658702,18.051899210229408,13.422818791946309,17.764618800888233
349,18.202502844141073,20.773225620311596,18.629407850964736,18.06548739179526
350,18.648018648018645,17.846519928613922,17.62287056980615,18.864434991677456
351,17.429193899782135,16.345592527729128,18.565074453684005,20.73732718894009
352,17.51824817518248,18.590240123934933,17.69165964616681,17.611447440836546
353,14.868471216164695,15.013404825737265,16.84131736526946,18.233821952091528
354,20.11173184357542,18.598884066955986,17.519953280124586,17.438480914551445
355,15.154458908101809,17.97483523067705,15.895659262278375,17.08104004554944
356,15.672091621458707,21.50537634408602,12.599160055996267,15.466983938132067
357,15.589477102955506,13.636363636363635,11.889749594667625,17.7107248278124
358,19.851116625310173,16.1090458488228,13.701236917221692,17.364460737024885
359,15.802269043760129,15.263938944244222,13.5236664162284,18.263205013428827
360,19.61211592939638,18.20778293466619,13.8568129330254,18.51851851851852
361,21.428571428571427,18.923713778829093,13.714285714285714,13.771996939556237
362,15.279138099902058,18.89763779527559,17.12328767123288,14.781125639567936
363,16.979987871437235,15.384615384615387,10.697570759973255,12.815533980582524
364,19.26709482432943,15.339233038348086,13.564431047475507,17.85714285714286
365,16.253869969040245,17.576898932831135,9.465855307640297,15.662875256386354
366,18.010806483890338,18.12688821752266,12.933568489124044,15.294117647058826
367,16.00914808461978,17.37787217609577,14.336917562724016,17.257909875359537
368,18.226694513005505,16.119032858028515,15.569972196478222,22.98850574712644
369,16.184971098265898,17.49271137026239,14.340344168260037,21.69110263105041
370,18.465326220763234,16.163171060227054,11.191941801902631,16.44736842105263
371,17.765495459928935,13.417361252287051,11.290929619872035,19.372197309417043
372,18.568665377176014,13.991944032223872,11.673151750972764,17.0196671709531
373,17.051913603637743,16.44801253181907,18.629683295383977,21.1433046202036
374,16.54769630110318,18.458383182361988,16.882386043894204,15.22359657469077
375,10.36468330134357,14.492753623188406,13.715710723192021,16.415868673050614
376,14.916810097532988,14.96546431312356,9.17832167832168,18.401380103507762
377,18.606574322927433,15.8905318914147,14.341590612777054,20.80523983818147
378,15.35929786066923,16.538037486218304,15.297759970861412,19.726027397260275
379,16.369359916054567,18.134193028410238,10.548935338933383,17.786561264822133
380,18.115160664222557,16.772269847185985,11.87648456057007,17.509727626459142
381,18.473718935561905,15.375517445298641,14.084507042253522,19.16932907348243
382,16.550202280250094,15.954415954415959,12.966601178781923,17.849553761155974
383,14.654996946875634,18.593840790238232,10.418676442214933,17.565872020075282
384,22.046025913749762,18.26136579798364,8.354883628406606,16.269610691458453
385,20.761245674740483,16.452225268930604,8.760951188986231,19.173157579388857
386,18.13031161473088,18.606348048157606,8.161678973960358,14.3397729535949
387,15.973786606594308,19.157852724007185,8.976276982261167,13.801035077630825
388,15.107495642068564,15.116523199664078,9.673518742442564,12.283640424343943
389,17.721986339302195,14.308426073131958,11.39000210925965,15.908086610693775
390,12.898182528825485,16.34877384196185,11.744236624619402,16.62758473672991
391,12.609457092819614,17.28829838322395,8.527269497246403,13.893483294740324
392,12.74968125796855,18.007202881152462,11.780104712041885,16.438356164383563
393,14.457831325301203,16.56478012226385,8.710078805474906,13.602871717362554
394,15.676959619952493,15.306122448979593,12.256267409470754,13.34141904184354
395,10.76340442495515,16.16580310880829,14.848143982002249,15.359297860669228
396,13.157894736842104,13.859480269489895,11.976047904191617,14.117647058823527
397,18.987341772151897,18.493546522827973,11.610406364222747,12.706969580284944
398,15.418066811622849,17.917579135974517,13.134328358208954,12.984457997245718
399,12.126111560226356,11.677695601401323,8.748177463028536,13.23440946460798
400,17.341040462427742,15.980331899200984,12.733446519524616,16.310679611650485
401,16.769814334198447,16.422287390029325,15.056461731493096,15.562649640861931
402,16.172506738544474,17.391304347826086,15.615615615615617,14.346146772116978
403,21.603183627060826,16.486751717369973,12.281100750511714,14.07624633431085
404,13.048635824436538,15.170670037926673,12.028869286287089,14.065247118577847
405,16.736401673640167,17.887087758524316,13.91524351676154,13.639181649101053
406,12.687671812222455,17.878426698450536,12.16490200495607,16.936394429808054
407,13.605442176870746,13.959390862944163,8.67260900987714,15.957446808510639
408,13.284833148821761,16.726795670711706,12.971894229170132,18.387096774193548
409,13.212948689715923,14.811767126105742,12.007204322593557,19.577735124760075
410,15.354330708661417,16.16317106022705,15.725806451612904,18.068887634105028
411,11.762399529504021,14.61335498274812,17.438480914551445,18.68816416269696
412,13.938753959873283,19.019205668469144,16.247582205029012,19.13337084974676
413,11.560693641618498,15.267175572519083,15.678391959798994,16.762898118830325
414,9.97920997920998,14.860681114551085,10.881886193606892,17.857142857142854
415,9.251101321585903,18.779342723004696,11.665586519766688,16.200578592092572
416,11.865524060646012,16.81681681681682,13.712861001454392,17.60907845822735
417,12.371134020618557,17.269736842105267,14.754098360655739,18.16461684011353
418,13.157894736842104,17.807677087455478,16.317016317016318,18.72934263679765
419,12.941176470588234,17.89620202823623,16.71641791044776,19.1297824456114
420,13.84228187919463,16.23309053069719,13.695787507781697,17.554125219426563
421,12.987012987012989,16.16317106022706,16.820184221065276,17.893755824790308
422,15.618742490989185,18.71880199667221,13.513513513513512,18.300122000813335
423,11.487650775416428,15.763945028294255,12.738853503184716,18.864216938494792
424,12.195121951219512,16.238159675236805,16.294859359844814,19.70253042302492
425,11.523687580025609,10.698654563138271,14.82213438735178,12.099213551119176
426,16.95873374788016,13.564431047475507,14.649033570701933,19.74830590513069
427,16.510731975784264,12.436404748445451,12.81055900621118,11.19402985074627
428,16.840417000801924,11.17549668874172,11.191709844559586,9.428403064230997
429,13.961605584642232,10.922330097087377,15.021906947631965,13.602871717362554
430,15.933232169954476,14.657980456026058,10.491548474839714,14.783927217589085
431,16.019716574245223,18.33927661742231,11.592958351223702,11.737089201877934
432,14.76433844406587,9.787928221859708,12.34821979831241,11.705033164260632
433,17.870439314966493,17.022886324947986,10.81947505509918,17.33436055469954
434,13.205282112845135,11.746280344557556,12.394366197183098,7.746219107340465
435,13.595166163141995,11.233617640940295,14.460999123575812,17.718715393133998
436,13.904982618771726,15.424164524421595,11.430748714040769,13.478098090602773
437,12.445550715619166,10.67853170189099,11.560693641618496,11.208668036614982
438,20.114375862748965,17.366136034732275,13.711673966863454,10.418676442214934
439,17.550274223034734,16.454749439042633,14.541387024608502,14.277215942891134
440,15.939278937381406,13.148283418553689,13.813311008790288,10.025993316004456
441,12.653374233128837,16.786570743405274,12.757814161173718,14.716981132075473
442,15.075376884422113,17.12271277488669,12.00800533689126,18.27801827801828
443,16.627078384798104,17.737485218762316,13.009540329575021,16.415868673050618
444,18.879798615481434,14.634146341463413,9.93847610033128,13.864818024263432
445,15.522388059701493,19.25005013033888,8.628954937679769,16.075845012366035
446,15.43637443103107,12.966601178781923,8.677685950413222,13.309671694764862
447,18.072289156626503,13.883532587736214,9.724473257698541,16.912402428447525
448,17.37787217609577,17.167381974248926,9.36768149882904,14.112112896903177
449,18.007202881152462,13.870159892120975,5.603548914312398,12.345679012345679
450,16.853932584269668,15.125072716695755,6.696428571428571,10.81297557068482
451,20.206022187004752,17.521445519255337,7.1132187314759925,14.173228346456689
452,16.091954022988503,11.337392399748056,8.11176205497972,12.585812356979407
453,18.344616728543347,16.770586970543967,5.86940572267058,12.180267965895249
454,11.804052724768837,19.202048218476634,5.835156819839534,13.953488372093023
455,16.076555023923444,14.032352367959463,9.30438635356668,13.461146236997758
456,13.218505908271581,14.542516663300345,6.893382352941176,14.994232987312571
457,14.577849767159343,13.91231028667791,10.924539753186325,13.544018058690742
458,15.70364405073485,16.399843811011323,9.06344410876133,15.92115238817286
459,15.272357033768877,13.283378746594005,7.262666436105828,20.660510251995618
460,17.880424660085676,15.21951219512195,11.32787916928886,17.429193899782135
461,16.65433012583272,13.221153846153847,12.089462018940155,19.966722129783694
462,18.5794464873234,18.028169014084508,11.238059561715676,21.22114668652271
463,18.611865063978286,18.7426786411558,9.601920384076816,20.15411973918198
464,18.025235329461246,20.412247348409046,11.024908125765618,16.968325791855207
465,15.145631067961167,16.374269005847953,11.921965317919074,18.13716228981674
466,13.373860182370821,15.659955257270694,11.191709844559584,19.495412844036696
467,18.987341772151897,16.696481812760883,12.330456226880393,17.598533455545372
468,15.575079872204471,15.170670037926676,10.125632852053254,19.439679817038307
469,17.045454545454547,19.912881144990667,10.688042752171008,18.82266100756597
470,19.374369323915236,16.79328268692523,6.714413607878245,18.05529433891292
471,16.71641791044776,15.716300624622207,9.836065573770492,18.11320754716981
472,15.678391959798992,18.908804412054366,9.400705052878966,18.764659890539484
473,17.937219730941703,17.244682889442426,11.439466158245951,19.589014787785676
474,17.531044558071585,13.582342954159591,10.843373493975902,19.165727170236753
475,18.95734597156398,17.18494271685761,13.614703880190605,20.669856459330145
476,17.65622295308984,13.988343047460452,15.08295625942685,16.056196688409436
477,17.63322884012539,16.282225237449115,14.046039797112758,16.263310745401743
478,10.909090909090908,15.905383360522027,10.038240917782026,14.021421616358323
479,15.461071231363887,17.454545454545453,11.428571428571429,16.54194564789287
480,14.208826695371368,17.061611374407583,8.55513307984791,13.758838142556849
481,13.376570733684638,16.40625,12.744265080713681,16.42635517430188
482,14.0625,15.849056603773585,9.900990099009901,15.999999999999998
483,13.544018058690746,15.754923413566736,12.239347234814144,18.13031161473088
484,19.823788546255507,18.11958928930944,13.506753376688344,18.21977604858607
485,13.782542113323123,16.354715609667455,14.344707672245164,16.51982378854625
486,15.76075974944433,14.75875118259224,13.530135301353013,17.69911504424779
487,18.796992481203006,13.470533208606174,9.309542280837858,17.45200698080279
488,17.18213058419244,14.460511679644053,15.243306624975574,17.653981953707337
489,12.143514259429622,15.537848605577686,11.560693641618498,14.173228346456693
490,16.031350195938728,16.352201257861633,11.398176291793312,18.770702981229295
491,17.740232312565997,15.321154979375368,11.074651353568498,14.885496183206104
492,16.536518144235185,21.305977510357074,13.249907986750092,13.856812933025406
493,17.70218674071503,16.835541699142635,8.787989747345295,19.12751677852349
494,14.223627024891346,19.540229885057474,6.53737197646546,15.207642815363622
495,15.845070422535212,17.569546120058565,6.114130434782608,14.07624633431085
496,18.374558303886925,18.557896771699205,7.722007722007723,14.962593516209473
497,16.753091344236136,16.72307386024288,10.600706713780918,11.01141924959217
498,13.544018058690742,16.34241245136187,10.029251984956122,10.536585365853659
499,13.929193267556586,14.517029592406477,8.502598016060462,15.978695073235684
500,16.794178018287,18.590240123934933,12.552301255230127,16.92365550959007
501,14.675907052588665,18.001125070316895,8.393285371702639,15.128006206361519
502,16.5710643722116,17.823042647994903,10.376134889753565,14.122759369907657
503,14.064697609001406,17.964071856287426,14.134275618374557,15.028901734104046
504,15.903067020068157,16.088871863627656,11.683254002596279,16.079632465543643
505,13.57466063348416,16.194331983805665,8.724553385957623,12.948793407886992
506,14.711429649188986,19.56271576524741,11.876484560570072,18.842001962708537
507,16.532721010332953,18.195602729340408,12.00240048009602,18.87534408179316
508,17.42015761094981,15.540944411237296,8.857022353437367,15.116279069767442
509,13.551665725578768,15.930210506353122,10.396039603960396,17.2645309802417
510,19.791666666666664,16.169601149838304,8.681497558328811,12.100527458889234
511,17.635943732941424,15.145631067961164,9.262832883056735,13.85414662305176
512,15.306122448979592,19.234879247702494,8.998875140607424,13.138686131386859
513,15.751211631663972,18.909899888765292,13.6518771331058,18.00450112528132
514,16.369359916054563,13.853904282115868,6.906077348066299,18.867924528301884
515,18.401144960130853,15.276145710928319,7.438631291842302,15.324165029469548
516,18.226002430133654,16.935483870967744,7.270964614638876,17.619420516836335
517,18.296667392724896,18.07955002008839,7.839721254355401,13.017751479289943
518,18.060632122124275,14.79046836483155,11.40955550273354,15.779890754602468
519,13.186813186813188,19.061857596710897,6.039863096436481,16.71309192200557
520,17.100513015390465,16.736401673640167,9.253139458030404,21.98697068403909
521,15.439429928741092,16.225613289549933,6.813536225300931,14.634146341463413
522,14.609477430230381,18.75,5.481955230698949,14.548393614871692
523,17.32315941431223,15.028177833437697,7.057163020465774,19.551466359977002
524,15.06373117033604,16.91093573844419,7.870572802798425,18.27875095201828
525,19.455252918287943,16.857314870559904,14.506230239910732,22.317277292170356
526,17.872340425531913,16.209476309226936,6.882312456985547,19.98149861239593
527,17.783632471595585,17.92828685258964,10.52816283558519,16.037420648179086
528,17.153359199509907,18.043303929430632,12.056262558606832,14.37986818454164
529,16.632785067455185,17.213114754098363,12.442396313364055,14.606741573033709
530,15.713134568896049,18.529956763434217,14.270270270270268,16.27906976744186
531,14.548393614871692,15.779890754602468,10.407632263660016,16.57763860747836
532,12.485811577752553,13.693419551160137,9.253139458030406,16.561514195583598
533,13.40918325883787,13.12127236580517,14.798206278026905,16.522423288749014
534,15.243306624975574,10.644589000591367,11.785503830288745,14.203985006904716
535,18.20151679306609,16.95234507440196,8.148483476686284,15.454725579552207
536,12.502604709314442,16.57458563535912,12.106537530266342,15.624999999999998
537,17.664376840039257,17.47912215964265,9.829159840861221,15.339233038348082
538,17.362546506821,14.01323472168159,10.487473295785591,15.22248243559719
539,13.958898797983716,15.611448395490024,12.124273806516799,17.308881104471464
540,14.277215942891138,14.731156395777067,12.440389798880364,17.195261750095526
541,15.918367346938778,19.331453886427706,12.080536912751679,18.0247840781074
542,17.000607164541584,14.609477430230381,9.582751048113396,15.354330708661418
543,17.31244847485573,15.513897866839043,11.617900172117038,16.722408026755854
544,12.232415902140673,12.850082372322897,14.02337228714524,16.164817749603802
545,13.108242303872888,12.672811059907835,13.472137170851193,15.83411875589067
546,11.627906976744184,18.007202881152455,12.239902080783354,17.013232514177687
547,15.5440414507772,16.115702479338843,13.14479187412866,14.742014742014744
548,17.255546425636815,16.56478012226385,12.84296555750146,16.548463356973993
549,12.726844213999529,19.378280177634235,12.481797378822552,16.129032258064512
550,15.615615615615615,15.477214101461735,10.13299556681444,17.878426698450536
551,12.442969722107009,20.13845185651353,15.9934385892967,15.855039637599091
552,14.184397163120568,15.04049363671423,12.422360248447205,16.36469900642899
553,16.3075131042516,16.901408450704228,9.714632665452337,14.908256880733944
554,14.854549205694244,17.71304861247786,14.297061159650514,13.291489754476649
555,15.565755338255837,16.37623346630275,9.72644376899696,13.229104028863501
556,14.552238805970148,16.378525932666058,13.670256835128416,16.933207902163684
557,15.967246673490278,19.716574245224894,13.867488443759632,16.098121885779992
558,20.9531635168447,16.20683002122323,11.065573770491804,16.055045871559635
559,17.755520145686315,16.092428306168767,11.51140481773609,15.034695451040863
560,15.590645612632422,17.170891251022077,13.066202090592336,14.471243042671617
561,18.60009789525208,18.329938900203665,8.612955320294276,16.89301093077178
562,15.939278937381403,17.434620174346204,14.91395793499044,17.584994138335286
563,16.396888795459322,18.244013683010262,9.506833036244801,17.571261226083564
564,13.915732508697333,19.194580353782463,8.641975308641976,17.73508220949566
565,17.055837563451774,18.734388009991676,7.7259850630955444,18.558951965065503
566,14.962593516209473,15.396762731938415,13.178913738019169,17.064846416382252
567,15.49529607083564,15.375517445298636,7.765314926660914,16.30118377644091
568,17.584257902449234,17.643599294256028,9.400179051029543,16.144532000768788
569,15.628130635143258,12.69035532994924,6.490696668109043,17.776022121271968
570,14.569000404694457,17.149390243902438,12.865497076023393,16.725515703400855
571,14.836183803832682,18.30663615560641,11.703511053315994,17.810760667903526
572,20.155364266218772,18.429641005951236,6.539509536784741,18.275271273557966
573,17.92828685258964,18.223234624145782,9.764035801464605,16.716196136701335
574,18.429641005951236,15.996718621821167,13.2,17.08358755338621
575,15.656362906463265,19.004524886877828,7.2063415805909194,17.374517374517374
576,21.19260336588406,19.14257228315055,14.8975791433892,17.574692442882245
577,18.768328445747798,20.205799812909262,6.551648831622625,17.410228509249183
578,15.473887814313349,15.166835187057634,8.92119610110689,14.416146083613647
579,16.313847348999808,18.327605956471935,11.869436201780417,16.741071428571423
580,15.556441962504985,15.488482922954725,10.67193675889328,15.593762495001998
581,16.600790513833992,17.384105960264904,12.753897024090694,17.850059500198334
582,17.821782178217823,12.679628064243449,9.236859467780954,15.698000373761912
583,17.462165308498253,18.637157833430404,15.198752922837102,14.354066985645934
584,15.46676486834837,15.937883122190437,7.884362680683312,16.578108395324122
585,15.963978714695047,19.634263715110684,11.224277696944501,16.448012531819067
586,16.759776536312852,15.834348355663822,14.29990069513406,20.57390362750406
587,18.277822908204712,13.368442373911282,11.115685467270481,17.557549746390947
588,18.95910780669145,14.356709000552184,9.182334936598163,14.8204446133384
589,13.821989528795811,15.327176262527018,19.16058394160584,15.104570100697133
590,15.228426395939087,16.345347862531433,11.20099564405725,17.404757300328757
591,15.415019762845851,17.51628115876937,14.985590778097983,16.06922126081582
592,16.11974668969488,13.740458015267176,5.940594059405941,14.521984671238402
593,16.352201257861633,16.74975074775673,10.727056019070321,13.929193267556586
594,18.359150889271373,18.345323741007196,10.779249943858073,17.09726443768997
595,15.617374328940947,16.299137104506233,14.196383302349163,13.681810208735309
596,19.69492179957521,20.11834319526627,11.661807580174928,10.484927916120576
597,14.772260976610587,18.404907975460127,8.933002481389579,10.373892370866653
598,13.918177983973008,15.167930660888407,8.823529411764707,8.33664152441445
599,14.885259458341945,14.158649482664728,5.5762081784386615,9.935831090871456
600,12.554688986113755,16.184971098265894,5.710659898477158,12.972972972972974
601,16.036184210526315,12.823003691470761,10.234541577825158,15.166245382072718
602,9.710702002832289,14.840182648401825,8.348240906380441,9.30438635356668
603,18.596171376481312,14.359351988217966,11.482032745056348,10.096760622633571
604,17.038007863695935,14.619289340101522,9.058882737795674,11.892963330029733
605,16.86408351736599,20.79322294955718,8.454106280193237,10.161836657884832
606,16.231884057971012,11.966493817311527,9.695011108866895,12.257405515832481
607,15.492957746478876,15.596880623875226,8.126410835214447,8.457511075312121
608,15.693112467306017,13.84881708020773,10.652463382157123,9.283819628647214
609,14.468290330359295,14.541387024608502,11.205976520811099,9.501187648456057
610,15.954415954415955,15.186915887850464,8.773762272822227,7.965105253176561
611,12.409513960703208,16.773162939297126,11.334120425029518,11.240632805995006
612,16.0,14.49508777580931,10.188487009679061,15.16827302891452
613,16.679904686258936,13.176282691155919,7.863695937090434,14.431082331174833
614,11.86005139355604,17.08706265256306,9.87857583864993,16.055990119390696
615,11.693373754872239,13.028030003947888,10.542499450911487,15.715622076707204
616,16.949152542372882,16.984336667295718,9.735744089012517,14.775525667740105
617,16.38937174074994,15.932728479752157,6.403415154749199,15.09580027095026
618,12.272448353446512,17.061611374407583,7.14626012386851,15.603120624124825
619,17.758985200845665,17.351786820904774,8.804108584005869,15.532544378698223
620,15.930210506353118,16.581632653061224,7.782101167315174,17.178850925749188
621,18.417945690672965,20.31779109143006,9.268795056642636,13.602357742008616
622,11.205644324548661,12.786361214704316,9.854239375898173,15.906078394243515
623,15.637530072173218,17.827298050139277,12.272220156191892,14.280483339436106
624,18.541409147095184,17.078811599359547,6.550218340611353,13.644115974985787
625,14.573213046495487,14.515292897874549,8.232065856526853,14.533258803801008
626,15.189873417721518,19.36264622831787,9.470124013528748,14.751075599262446
627,13.309134906231096,20.031159581571334,8.130081300813009,10.526315789473683
628,9.586578789694428,13.28502415458937,7.496876301541025,13.929193267556586
629,17.059708981435023,18.420603786457445,12.483994878361077,14.40230436869899
630,17.270328615975053,19.032513877874703,11.764705882352942,16.4576802507837
631,15.822188736108497,15.321154979375372,13.996889580093312,16.55933762649494
632,14.407092722571113,18.722696068233827,11.461318051575928,17.064846416382252
633,14.22362702489135,15.866558177379986,13.003901170351106,15.537848605577691
634,17.77251184834123,14.53596720089452,13.526207026113095,16.857089342573516
635,16.216216216216218,15.461071231363885,11.596443757247776,16.184971098265898
636,17.24468288944242,16.554986204178164,13.345195729537366,17.36111111111111
637,17.687934301958308,15.29411764705882,14.060502769492972,15.810276679841897
638,18.966158423205652,15.276145710928319,12.16298398540442,16.91411388836685
639,13.01261829652997,15.399802566633761,13.221153846153847,15.703869882220975
640,14.481094127111826,13.533834586466165,9.749303621169917,15.900056785917092
641,13.343217197924387,16.28052598622417,11.431293165039296,14.922517696575474
642,13.93188854489164,14.823965410747373,12.69572577232332,14.722536806342013
643,14.129736673089274,16.067329762815607,11.71875,15.86701926709482
644,14.790468364831552,15.369458128078819,9.872480460715753,14.408645187112267
645,17.455391776570984,16.691394658753712,12.405237767057201,16.885553470919323
646,15.771315919172007,21.254428005834548,9.95208256542573,21.055989791035255
647,19.157852724007185,13.672616786935054,10.289389067524116,19.246190858059343
648,16.90821256038647,14.696876913655846,9.730387188323535,21.578648495173194
649,18.972332015810277,16.079632465543646,9.919404835709857,18.94238358326756
650,15.043394406943104,14.57943925233645,10.278372591006423,15.870017003589648
651,17.11142798940721,11.45912910618793,8.20419325432999,16.828721017202692
652,19.01542362138179,15.148572538356964,11.37560564567095,20.17560246590697
653,16.7348456675344,14.796547472256474,10.924539753186325,18.99087693167008
654,15.615615615615617,13.10043668122271,11.347517730496454,17.205123303383672
655,16.65675193337299,9.61345884237933,8.27966881324747,15.736230798051704
656,19.684232109903633,9.164302858389702,10.197578075207138,13.50084380273767
657,15.0,7.571933366986369,7.765314926660913,14.447119837006854
658,19.10067648229208,7.151370679380214,8.519269776876268,13.466639461334426
659,16.291698991466255,8.742107819329771,9.60658737419945,16.438356164383563
660,15.238095238095239,7.413509060955518,9.693053311793216,15.648286140089422
661,14.607425441265974,8.234217749313816,9.648518263266713,17.857142857142858
662,17.186183656276327,15.748031496062993,12.944983818770229,16.01004551875687
663,16.81759379042691,12.658227848101266,9.74817221770918,11.448196908986835
664,16.457680250783696,15.020219526285386,13.092640349137078,14.142604596346493
665,14.314115308151095,16.00985221674877,12.330456226880395,13.856812933025404
666,16.49048625792812,14.516129032258066,14.519056261343016,12.133468149646111
667,18.547140649149924,15.558436747545844,11.166253101736974,13.87015989212098
668,17.36111111111111,17.878426698450536,14.542516663300344,13.6518771331058
669,17.051913603637743,16.380655226209047,12.429378531073446,11.35933358576297
670,15.107495642068562,11.135857461024498,12.239902080783354,14.837359710861705
671,18.949861823924202,14.34548714883443,10.152284263959391,10.676156583629894
672,17.73748521876232,12.536564981195154,9.329187027987562,13.974168960406523
673,15.457788347205707,17.660044150110377,11.331444759206798,10.19757807520714
674,17.51313485113835,12.322858903265557,12.292562999385371,11.322891111530474
675,18.192154633314384,14.23877327491785,8.126934984520123,11.428571428571429
676,17.650519709747012,16.82355297416383,12.208907981008366,14.811767126105742
677,17.521902377972467,14.817863757974896,9.138381201044385,12.213175425610657
678,16.450374702979346,15.915119363395227,13.658940397350994,13.01261829652997
679,19.005384859043396,13.162018176120341,13.960445404686721,24.44374804136634
680,20.2020202020202,14.823261117445838,10.767160161507404,20.93279471171502
681,16.229712858926344,14.56582633053221,13.623978201634877,23.908918406072107
682,14.123185562965867,13.192612137203163,13.160518444666003,21.01382488479263
683,16.477049823460185,15.137862677959994,15.110178384050366,22.01430930104568
684,16.317016317016314,14.79654747225647,9.398075632132468,20.629750271444085
685,15.612489991993598,14.117647058823533,15.302573614653372,22.731372902760235
686,14.311270125223613,16.652789342214824,8.875739644970414,16.116653875671524
687,15.01877346683354,16.480498077275225,9.216589861751153,20.559680182752714
688,18.457988848298402,15.125072716695755,12.488174077578051,20.21336327905671
689,17.452732183669227,13.828070984097717,10.39411000433088,20.412020412020414
690,19.57186544342508,12.98935594443442,12.668918918918918,18.383761011106856
691,14.719758444989624,10.28403525954946,10.67193675889328,14.197306152166
692,17.839444995044598,13.769363166953529,12.032085561497327,20.066889632107024
693,17.04868346277704,12.523719165085389,16.476552598225602,20.54424220580285
694,16.581129095933676,18.38235294117647,13.29394387001477,18.976744186046513
695,18.46911553457829,18.064516129032256,12.67694908092119,18.21977604858607
696,16.483516483516485,12.799474893337708,16.471449487554906,19.639934533551557
697,11.632916846186989,16.367887763055343,12.695725772323316,12.24944320712695
698,15.017327685791296,15.611448395490024,12.610929472209245,13.152650458349939
699,17.95690343176377,15.537848605577691,11.727912431587178,11.367942402425163
700,16.209957545349287,16.17250673854447,8.951406649616368,11.890606420927467
701,15.637530072173213,15.53541705196967,13.327948303715672,13.536379018612521
702,14.836183803832679,16.169154228855724,10.635603950367182,7.908115232536246
703,15.315890236119973,15.99390708301599,15.522388059701493,7.043631383290942
704,14.232061672267246,16.822429906542055,15.345268542199488,9.397024275646046
705,15.754923413566738,14.96546431312356,15.457277801631605,9.237875288683602
706,16.789926044373374,17.118402282453637,14.003819223424571,10.196374622356496
707,16.673792218896963,22.03047549109602,14.148162703871094,9.983361064891845
708,14.826078692263827,17.16927140655954,16.03359419736591,10.313216195569137
709,17.821782178217823,13.822230754463426,15.319148936170214,11.525163273146369
710,16.25072547881602,18.62333394193902,18.010291595197256,16.91729323308271
711,14.391365180891466,19.192323070771693,20.185029436501264,12.443438914027151
712,13.18417898521774,19.64939318050472,18.80035810205909,15.598885793871865
713,17.410930195066904,15.181637448039043,10.375237765865469,14.370110170844645
714,16.332879642232157,16.380655226209047,11.831726555652935,14.91395793499044
715,14.959723820483317,13.636363636363638,12.492901760363427,14.530551415797314
716,14.672916242103119,17.883755588673623,11.597938144329895,16.184971098265894
717,17.755231452124285,17.1854114951308,13.853904282115868,15.915119363395226
718,17.3176832788147,14.814814814814815,13.433747201302667,15.98477640342531
719,15.457788347205707,15.595989602673594,14.17525773195876,15.479261758285372
720,17.227235438884332,14.257425742574256,11.71875,14.506230239910728
721,12.38390092879257,17.6697956929873,13.658940397350994,15.933232169954477
722,16.57153378751611,14.054054054054058,13.417361252287051,14.380530973451329
723,18.436719800268868,17.647058823529413,13.285024154589374,14.495446942947407
724,19.450800915331808,14.885496183206108,12.79317697228145,13.340744858254585
725,16.089385474860336,15.273154493831997,12.687671812222455,15.228426395939088
726,17.660044150110377,17.51824817518248,14.226437462951985,15.399802566633763
727,17.455391776570984,16.393442622950822,12.187690432663011,14.80356803947618
728,13.351134846461948,16.486751717369966,13.565453312231517,15.09580027095026
729,19.365862920068352,15.315890236119973,14.543851917144115,16.023007395234178
730,17.091311916442475,16.19979750253122,10.248624027329665,11.818778726198293
731,21.084998901822974,13.258336681398152,13.712861001454396,17.103762827822123
732,20.970394736842103,13.455428891795924,11.563169164882229,15.300546448087431
733,17.371163867979153,15.354330708661418,11.184755592377796,16.030534351145036
734,12.510425354462054,18.320610687022903,9.621166566446181,12.459882952614686
735,15.66265060240964,17.790077090334055,8.364867556263693,14.449796220822526
736,18.87905604719764,13.31719128329298,14.267185473411152,13.375441203789709
737,15.633724176437745,14.348345954563568,9.903324687573685,10.360706062931696
738,17.416545718432513,14.868471216164695,9.981285090455396,13.766730401529637
739,18.408941485864563,17.37116386797916,10.636202481780579,17.475728155339805
740,17.83237566871409,18.25442099258414,10.756972111553784,13.207131851199645
741,16.444792482380578,17.787659811006115,13.406459475929312,15.912104565258575
742,16.085790884718495,16.270337922403005,12.327922745017464,17.24468288944242
743,18.07591885920868,13.649289099526065,9.923506305561297,16.101207590569295
744,18.315018315018314,14.566320900463477,7.268322228952149,14.905407987769923
745,18.404907975460123,17.391304347826086,10.976446375485935,14.781359063847262
746,19.54022988505747,18.13419302841024,15.445544554455445,15.183959509441307
747,17.349397590361445,14.141414141414142,11.801730920535011,8.930047957664959
748,22.067363530778167,13.245033112582782,7.16674629718108,8.52099817407182
749,17.94105083297736,15.983606557377046,7.242003621001812,8.246612998232868
750,17.935432443204466,11.212624584717608,6.939625260235948,11.119347664936992
751,16.62049861495845,14.545454545454543,5.892462558310827,8.951883625512869
752,12.997243009058685,10.944466963923793,5.7115659209900045,10.182435299109036
753,14.087262766581883,11.522949875168043,8.73362445414847,14.02961808261886
754,14.226437462951985,13.62791658063184,6.976744186046512,14.382218348224017
755,18.842001962708537,15.16919486581097,9.736308316430021,11.966493817311527
756,14.423076923076923,12.108980827447024,7.982261640798227,9.349955476402494
757,17.551190973673215,12.726571538758195,9.60658737419945,10.398613518197573
758,14.443329989969905,11.66306695464363,8.086253369272237,10.72918736340155
759,14.761544284632853,13.232861606322366,8.42893935846406,9.724473257698541
760,19.917984768599883,12.135922330097085,7.037297677691766,11.474469305794607
761,15.081692501047339,15.04919930542157,9.400705052878966,12.123438648052902
762,14.675907052588668,12.825994014536128,7.239091091896239,8.960238939705059
763,13.21003963011889,13.390139987827144,8.524745441629173,9.43608177937542
764,14.499758337361044,13.224181360201507,10.443864229765014,14.92537313432836
765,12.987012987012989,19.123505976095615,10.03344481605351,12.224486015928878
766,13.68726669431771,17.43823956819597,11.235955056179776,16.25701567640797
767,19.172932330827066,17.10151282613462,14.141847010927789,15.21654311353882
768,15.88802723661812,15.654118524040252,12.272448353446512,15.825169555388092
769,20.79722703639515,19.492385786802032,16.53543307086614,16.50943396226415
770,11.748580379870766,18.55287569573284,11.66666666666667,17.485914124732854
771,16.83186833738545,16.983420946219166,15.604681404421328,15.753938484621154
772,12.21443112418005,13.033175355450235,9.882643607164917,14.604006740310803
773,18.679950186799502,14.908256880733948,12.987012987012987,15.489581412502305
774,15.985790408525755,13.054830287206268,14.61335498274812,14.584891548242329
775,15.744852644327816,15.411973918197985,11.535688536409516,14.999999999999996
776,18.332605848974246,16.729735112527386,12.259910093992644,14.922517696575474
777,13.8328530259366,13.610586011342154,15.718028101929033,16.160061562139287
778,16.400336417157273,15.8311345646438,9.35854942483915,13.557929334428923
779,17.191977077363898,18.050541516245488,15.772179627601314,15.903067020068159
780,13.381995133819952,14.040561622464901,9.575923392612859,14.319809069212413
781,16.38504864311316,11.448395490026018,9.314962157966233,9.210301893228722
782,15.748031496062993,17.422381058744698,10.427981751031936,8.415147265077138
783,15.763945028294263,13.143483023001096,6.263048016701461,9.47867298578199
784,14.148162703871096,18.83239171374765,10.147378593863252,8.428657435279952
785,15.93137254901961,13.109023377758357,7.468879668049793,11.382799325463742
786,16.324822101297617,11.522949875168043,10.966693744922827,9.907120743034055
787,14.857614527445316,12.254901960784311,9.004502251125562,9.870450339296731
788,17.41338654090332,13.848090642047842,8.152173913043478,10.64039408866995
789,12.602635096429253,13.557929334428923,8.256880733944955,9.573195053849222
790,12.507106310403637,9.375,8.531383302864109,11.596443757247776
791,15.811879181025743,9.01352028042063,6.353240152477763,8.970525416488682
792,9.151572926596758,13.811624784193365,9.174311926605505,9.844134536505331
793,14.646053702196905,11.122554067971166,7.670999360750054,10.311493018259936
794,13.871374527112232,12.784090909090912,8.325624421831638,11.312750412444027
795,12.908777969018933,17.56954612005856,7.525083612040134,11.57060209985001
796,11.589723778249953,11.284558961820576,8.202323991797675,10.496391865296303
797,10.439321444106133,8.16326530612245,8.334987100615201,10.19108280254777
798,16.925246826516222,17.382906808305165,12.5764192139738,13.975155279503106
799,16.314578540054384,15.034168564920273,17.699115044247787,16.341923318667508
800,16.75977653631285,17.58241758241758,13.986013986013987,16.635859519408502
801,14.988470407378937,18.54522975479085,15.668943350743271,15.783540022547916
802,12.247675209798139,16.313847348999804,15.028177833437697,14.46587537091988
803,18.838304552590266,13.549115543846446,12.911555842479018,14.565826330532214
804,16.20683002122323,15.73215006050827,16.22971285892634,16.548463356973993
805,17.1919770773639,17.636684303350968,12.965186074429774,17.306652244456462
806,14.054514480408857,17.706079087153256,11.06104055714871,16.891212547757892
807,16.026299568522706,19.741171309497695,11.986681465038844,15.050167224080267
808,13.363028953229398,14.684886803997555,12.961762799740766,13.956193060670671
809,14.601500709795175,10.946907498631637,12.795905310300704,16.71309192200557
810,13.894249324585099,19.083255378858745,13.532909575558746,15.804327375352774
811,17.0350841614277,12.70941652224148,9.846153846153847,13.790461597395137
812,14.92822966507177,19.15020945541592,9.898948236749847,14.689265536723164
813,17.481789802289285,20.142180094786728,10.225820195994888,12.643678160919539
814,16.6369578134284,17.124039517014268,11.746280344557558,15.837563451776651
815,15.870216892964201,17.313241423533185,16.857089342573513,18.09523809523809
816,15.849056603773583,15.996718621821167,14.66015104398045,16.53242899533701
817,18.196522442377677,13.295729250604351,14.699877501020824,14.965703595926005
818,14.827018121911037,14.903746636307181,15.706806282722512,17.913789886172793
819,14.37986818454164,17.475728155339805,14.206787687450673,16.971525551574583
820,16.27854397467782,18.680677174547576,9.968847352024923,16.364699006428985
821,16.058115083158093,13.77295492487479,15.037593984962406,18.123466112894093
822,13.956438993444706,18.41903300076746,12.455885405854266,11.509687320161136
823,14.622258326563765,13.237063778580026,9.805924412665986,15.665796344647521
824,17.073170731707314,17.10051301539046,8.883248730964468,16.58440276406712
825,14.539579967689825,12.997243009058685,10.027156883225402,14.568546880836758
826,17.48931208705791,18.16805450416351,13.83937932480604,17.870439314966493
827,18.66977829638273,16.08219790037972,14.257425742574258,16.41907740422205
828,14.661654135338344,17.957351290684628,11.693626973299551,15.481017323995577
829,13.900589721988206,18.050541516245488,12.978585334198572,17.394665635871668
830,17.391304347826086,17.13532513181019,16.065911431513904,16.361511492014024
831,16.079632465543643,11.122554067971166,13.293943870014774,19.369540448157995
832,15.032211882605583,17.249640632486823,18.087422542287726,16.957136128120585
833,17.304364545279746,13.213433657551844,21.122112211221122,16.13212982523526
834,14.962593516209477,16.824849007765316,17.37331954498449,16.548463356973997
835,15.97869507323569,15.587307478196326,19.945248337895972,16.135228582404917
836,14.714204867006224,14.334063308779612,17.42015761094981,15.225666122892877
837,11.657276083155235,11.602610587382161,16.225613289549937,12.566641279512567
838,14.106583072100314,14.589665653495441,15.0,11.909058101768315
839,19.397858153162254,15.822188736108496,18.25557809330629,15.786506295809058
840,17.55754974639095,12.478729438457174,17.114914425427873,9.890789202555121
841,17.156862745098046,15.534754033061144,16.185930691014736,10.989010989010987
842,15.813253012048191,15.101645692158758,19.945248337895976,15.847216578626574
843,17.584994138335286,12.036108324974924,17.178850925749188,17.566331198536137
844,14.722536806342017,12.60985861673672,13.83551114527287,15.160349854227405
845,14.922279792746115,14.417300760913095,15.957446808510639,13.633781480780154
846,14.434643143544506,14.167650531286894,17.86378861183476,13.165769000598441
847,19.925766751318612,11.183597390493942,17.222344888496355,14.507354422728186
848,16.70312189302048,16.571064372211602,17.747978702425552,15.387650424146775
849,20.43596730245232,12.729844413012728,9.505368773103326,10.96345514950166
850,14.905407987769923,17.029328287606432,9.551967250397997,9.554140127388536
851,16.766467065868262,13.532909575558746,7.9698915209209655,9.340338587273788
852,18.7426786411558,14.414414414414416,6.573541495480691,10.503793036374248
853,17.860686644175427,14.375230372281607,9.793919608243217,10.073452256033576
854,17.01001701001701,14.854313464102077,7.534533277521974,9.341637010676157
855,17.013232514177698,18.34488381573583,7.226013649136894,11.280315848843768
856,12.38971278393092,12.677679600461007,6.87757909215956,11.1731843575419
857,15.092879256965944,14.06799531066823,11.35825840037861,10.297482837528605
858,18.48286484405083,19.183750235094973,8.875739644970416,8.262836907338185
859,17.24137931034483,13.49072512647555,5.872277954489848,10.968921389396709
860,15.869786368260426,12.946253432718713,8.01068090787717,11.811023622047244
861,17.657445556209534,17.51313485113835,8.675893410452385,9.890789202555121
862,16.584402764067125,14.173228346456696,9.024818250188018,9.073724007561438
863,16.320186516417333,15.934627170582228,8.273960009193287,9.341637010676157
864,14.851485148514854,14.084507042253522,6.469700237222343,10.146561443066517
865,16.984336667295718,14.374126572170091,8.875739644970414,9.459992116673236
866,15.055202408832388,15.709547914121138,10.599004335956321,18.207954000958313
867,14.622258326563772,13.974168960406521,13.477639371043495,15.987818804720217
868,15.207373271889404,17.120030435609664,10.493587252234743,17.47572815533981
869,13.67002088475413,14.716981132075473,11.370814908401767,13.830195927775643
870,15.643802647412757,18.359150889271373,17.881978939002583,18.045112781954888
871,16.269610691458453,18.53997682502897,11.421319796954313,13.986013986013987
872,14.3397729535949,15.590200445434297,12.04335608189482,16.866566716641678
873,18.0324584251653,20.145495243424733,12.502604709314443,15.103838892385149
874,17.28110599078341,14.976958525345623,14.965986394557824,18.33110559480619
875,16.175621028307337,15.043877977434184,13.166556945358787,16.3265306122449
876,14.472361809045227,18.979833926453143,10.468594217347954,17.6056338028169
877,13.929193267556586,17.238076996743917,18.083961248654465,17.820679413402637
878,17.038539553752535,19.234622320176317,16.414141414141415,17.26121979286536
879,15.240328253223913,17.643599294256028,15.283379324984079,14.439096630877454
880,13.626040878122634,13.261000602772755,15.906078394243515,17.061611374407583
881,20.473933649289098,19.40639269406393,13.644821170146784,17.49611197511664
882,15.606242496998803,17.935432443204462,14.057008980866849,16.709767256813212
883,17.720639332870046,15.671251958906495,11.074197120708748,17.918893429739075
884,19.39002221773379,17.05237515225335,15.11042231693142,18.51515701579234
885,17.67676767676768,15.107007973143098,17.62977473065622,19.904623678208583
886,14.939666730511398,16.538037486218304,10.66772026866851,18.010806483890338
887,13.633546787853751,16.40625,15.73301549463647,16.544117647058822
888,16.153846153846153,17.557549746390947,15.530629853321827,18.039687312086592
889,17.341040462427745,17.017828200972442,16.941789748045174,18.21286283437678
890,16.803102111158985,18.80141010575793,17.61252446183953,17.647058823529413
891,14.699877501020827,14.669926650366746,13.623978201634877,19.73302379570516
892,16.249153689911985,19.25254813137033,16.840417000801924,19.33649289099526
893,14.982712255090279,17.89042117033172,12.358393408856848,14.75875118259224
894,15.421332843767216,15.855039637599095,18.827221023730146,20.094562647754135
895,17.502917152858814,14.005057381832328,14.093529788597051,18.150879183210435
896,18.797728607793225,18.192154633314384,13.066719461492774,20.27027027027027
897,16.630370223718078,18.66614816255104,14.949037372593432,16.3075131042516
898,17.765495459928935,17.42738589211618,16.723842195540307,20.952030876677078
899,16.973125884016973,16.147635524798158,14.808720691073631,19.59277756434883
900,14.376176621598493,12.371134020618557,8.459640465280225,12.84162001975634
901,12.607690691321704,14.527845036319613,7.741935483870966,11.177809977230385
902,13.958898797983716,15.318146111547525,7.1701720841300185,10.782747603833867
903,14.416775884665793,16.548463356973993,10.009532888465204,13.3086876155268
904,18.161180476730987,15.537848605577691,8.830022075055187,14.62591411963248
905,18.842001962708537,14.675907052588668,9.073233959818536,9.844134536505331
906,19.641825534373194,12.82051282051282,9.531374106433677,8.760951188986233
907,20.38776733959624,12.62674574325617,9.482418016594233,14.101057579318446
908,16.58515840952583,13.382899628252789,9.23432089265102,11.485451761102603
909,16.60133732995158,13.658940397350994,7.720351704911001,11.428571428571429
910,15.841584158415841,15.621870618866412,10.484273589615576,11.120263591433279
911,17.98920647611433,15.279138099902058,9.320905459387482,11.937922801432551
912,14.747589336358482,15.53062985332183,8.862629246676514,11.358855700462769
913,17.404757300328757,12.88659793814433,9.100758396533044,11.949810794662419
914,20.53140096618358,12.722646310432571,9.98543790305804,12.371134020618557
915,15.84399756246191,11.0803324099723,10.799691437387503,12.233549582947171
916,17.139592458579322,15.107495642068569,9.047499371701432,11.000203707476064
917,18.670160497870945,15.17546632943408,16.80118596606819,18.96633475580844
918,14.15650806134487,12.804097311139564,17.770255976306323,18.923933209647497
919,18.159806295399513,12.3634865031939,17.014381203159815,19.48796331677493
920,16.853932584269664,14.755197853789403,9.815950920245397,16.88872208669544
921,19.21921921921922,17.654476670870118,19.4765672550213,19.373219373219374
922,16.538688718251624,12.883830792355596,16.733067729083665,17.83237566871409
923,19.941348973607038,13.986013986013987,11.083743842364532,16.891891891891895
924,15.228426395939087,14.760147601476017,12.684989429175474,16.219347364356054
925,16.125935880207333,17.10151282613462,18.307567127746132,18.17493373722075
926,17.743979721166035,15.020219526285386,14.335360556038227,18.468223791417707
927,11.463507833397019,13.29305135951662,16.75643327348893,18.034942701484123
928,9.158307893589184,11.621150493898897,14.399999999999999,16.483516483516482
929,9.234828496042216,13.064133016627077,14.07849829351536,18.3206106870229
930,6.20796689084325,14.913007456503731,15.779890754602466,18.16805450416351
931,18.443804034582133,15.037593984962406,15.652173913043477,17.48315425241304
932,18.433179723502306,14.722536806342017,17.100977198697066,17.114914425427873
933,14.60446247464503,14.792338327327899,12.108980827447024,18.289197942465233
934,15.282730514518594,12.605042016806724,8.672086720867208,12.135513231080397
935,16.331658291457288,11.578044596912521,13.569078947368421,14.708655478031302
936,16.374801000682286,15.355086372360844,7.549543881723812,10.319128606917639
937,16.55699426873275,13.83067896060352,7.8064012490242,12.830482115085536
938,18.010806483890335,17.04199634814364,8.902077151335313,12.583412774070547
939,18.947368421052634,13.752865180245882,10.273972602739727,10.579937304075235
940,15.445544554455445,13.608013608013607,8.323424494649226,11.822660098522169
941,17.706576728499158,15.476190476190476,8.026755852842808,13.452914798206278
942,18.052869116698904,9.554140127388534,9.708737864077671,11.808699074985238
943,13.844023996308259,14.625228519195613,11.11797405806053,10.119940029985008
944,14.729950900163667,16.29802095459837,8.051889957503915,10.538641686182672
945,19.996296982040363,15.553339980059821,6.9589422407794,10.85863663784436
946,16.689847009735747,17.211703958691913,9.124484032152944,10.865191146881289
947,19.21537229783827,12.69719122739515,5.603548914312397,9.316770186335404
948,16.390243902439025,12.773369460034836,5.497022446174989,12.070226773957572
949,13.878180416345412,18.171493469619534,7.2992700729927,13.681592039800995
950,19.07032181168057,13.870159892120977,6.527415143603133,9.24321201617562
